observation_key,exclude,release,reviewer_name,review_date,source_1,source_2,notes
8c852a3038,t,,SN,2025-12-23,https://a100.gov.bc.ca/pub/acat/documents/r16334/Sooke2004BMP_1244653132327_2a1f98bb3b1108b72f55d60b03d140fc0b2285c22a9a145f04285c4f4f35cf5e.pdf,,"above known anad barrier, stocking "
ea5c6cfd08,t,,SN,2025-12-23,https://a100.gov.bc.ca/pub/acat/documents/r16334/Sooke2004BMP_1244653132327_2a1f98bb3b1108b72f55d60b03d140fc0b2285c22a9a145f04285c4f4f35cf5e.pdf,,"above known anad barrier, stocking "
f11c0fbf8e,t,,SN,2025-12-23,https://a100.gov.bc.ca/pub/acat/documents/r16334/Sooke2004BMP_1244653132327_2a1f98bb3b1108b72f55d60b03d140fc0b2285c22a9a145f04285c4f4f35cf5e.pdf,,"above known anad barrier, stocking "
a8108b3868,t,,SN,2025-12-23,https://a100.gov.bc.ca/pub/acat/documents/r16334/Sooke2004BMP_1244653132327_2a1f98bb3b1108b72f55d60b03d140fc0b2285c22a9a145f04285c4f4f35cf5e.pdf,http://a100.gov.bc.ca/pub/acat/public/viewReport.do?reportId=50035,"above known anad barrier, stocking/releases"
9e83652a61,t,,SN,2025-12-23,https://a100.gov.bc.ca/pub/acat/documents/r16334/Sooke2004BMP_1244653132327_2a1f98bb3b1108b72f55d60b03d140fc0b2285c22a9a145f04285c4f4f35cf5e.pdf,,"above known anad barrier, stocking "
06b61142c0,t,,SN,2025-12-23,https://a100.gov.bc.ca/pub/acat/documents/r16334/Sooke2004BMP_1244653132327_2a1f98bb3b1108b72f55d60b03d140fc0b2285c22a9a145f04285c4f4f35cf5e.pdf,,"above known anad barrier, stocking "
b8e9627b73,t,,SN,2025-12-23,https://a100.gov.bc.ca/pub/acat/documents/r16334/Sooke2004BMP_1244653132327_2a1f98bb3b1108b72f55d60b03d140fc0b2285c22a9a145f04285c4f4f35cf5e.pdf,,"above known anad barrier, stocking "
28acc38671,t,,SN,2025-12-23,https://a100.gov.bc.ca/pub/acat/documents/r16334/Sooke2004BMP_1244653132327_2a1f98bb3b1108b72f55d60b03d140fc0b2285c22a9a145f04285c4f4f35cf5e.pdf,,"above known anad barrier, stocking "
7fadea366b,,t,SN,2025-12-23,https://waves-vagues.dfo-mpo.gc.ca/Library/199425.pdf,https://www.goldstreamhatchery.ca/who-we-are.html,"above goldstream falls, point is at hatchery, source notes falls"
34f09305ef,,t,SN,2025-12-23,https://waves-vagues.dfo-mpo.gc.ca/Library/199425.pdf,https://www.goldstreamhatchery.ca/who-we-are.html,"above goldstream falls, point is at hatchery, source notes falls"
 05e948750c,t,,SN,2025-12-23,https://publications.gc.ca/collections/collection_2014/mpo-dfo/Fs97-4-1985-eng.pdf,,source report is regarding releases. Some sites valid but data is not appropriate for barrier modelling without further checks
 0d89cae45c,t,,SN,2025-12-23,https://publications.gc.ca/collections/collection_2014/mpo-dfo/Fs97-4-1985-eng.pdf,,source report is regarding releases. Some sites valid but data is not appropriate for barrier modelling without further checks
 1d1a9ce194,t,,SN,2025-12-23,https://publications.gc.ca/collections/collection_2014/mpo-dfo/Fs97-4-1985-eng.pdf,,source report is regarding releases. Some sites valid but data is not appropriate for barrier modelling without further checks
 3b9b9e7bcd,t,,SN,2025-12-23,https://publications.gc.ca/collections/collection_2014/mpo-dfo/Fs97-4-1985-eng.pdf,,source report is regarding releases. Some sites valid but data is not appropriate for barrier modelling without further checks
 95c7b9cc87,t,,SN,2025-12-23,https://publications.gc.ca/collections/collection_2014/mpo-dfo/Fs97-4-1985-eng.pdf,,source report is regarding releases. Some sites valid but data is not appropriate for barrier modelling without further checks
 06995c110e,t,,SN,2025-12-23,https://publications.gc.ca/collections/collection_2014/mpo-dfo/Fs97-4-1985-eng.pdf,,source report is regarding releases. Some sites valid but data is not appropriate for barrier modelling without further checks
 0e1b17ac56,t,,SN,2025-12-23,https://publications.gc.ca/collections/collection_2014/mpo-dfo/Fs97-4-1985-eng.pdf,,source report is regarding releases. Some sites valid but data is not appropriate for barrier modelling without further checks
 0f1a47b90e,t,,SN,2025-12-23,https://publications.gc.ca/collections/collection_2014/mpo-dfo/Fs97-4-1985-eng.pdf,,source report is regarding releases. Some sites valid but data is not appropriate for barrier modelling without further checks
 1f1f3447f6,t,,SN,2025-12-23,https://publications.gc.ca/collections/collection_2014/mpo-dfo/Fs97-4-1985-eng.pdf,,source report is regarding releases. Some sites valid but data is not appropriate for barrier modelling without further checks
 206ddf7ea4,t,,SN,2025-12-23,https://publications.gc.ca/collections/collection_2014/mpo-dfo/Fs97-4-1985-eng.pdf,,source report is regarding releases. Some sites valid but data is not appropriate for barrier modelling without further checks
 2b81590ec6,t,,SN,2025-12-23,https://publications.gc.ca/collections/collection_2014/mpo-dfo/Fs97-4-1985-eng.pdf,,source report is regarding releases. Some sites valid but data is not appropriate for barrier modelling without further checks
 3b00385754,t,,SN,2025-12-23,https://publications.gc.ca/collections/collection_2014/mpo-dfo/Fs97-4-1985-eng.pdf,,source report is regarding releases. Some sites valid but data is not appropriate for barrier modelling without further checks
 417e3ced41,t,,SN,2025-12-23,https://publications.gc.ca/collections/collection_2014/mpo-dfo/Fs97-4-1985-eng.pdf,,source report is regarding releases. Some sites valid but data is not appropriate for barrier modelling without further checks
 5fe37a61c7,t,,SN,2025-12-23,https://publications.gc.ca/collections/collection_2014/mpo-dfo/Fs97-4-1985-eng.pdf,,source report is regarding releases. Some sites valid but data is not appropriate for barrier modelling without further checks
 60caea71f1,t,,SN,2025-12-23,https://publications.gc.ca/collections/collection_2014/mpo-dfo/Fs97-4-1985-eng.pdf,,source report is regarding releases. Some sites valid but data is not appropriate for barrier modelling without further checks
 60cee62de7,t,,SN,2025-12-23,https://publications.gc.ca/collections/collection_2014/mpo-dfo/Fs97-4-1985-eng.pdf,,source report is regarding releases. Some sites valid but data is not appropriate for barrier modelling without further checks
 695db0b10f,t,,SN,2025-12-23,https://publications.gc.ca/collections/collection_2014/mpo-dfo/Fs97-4-1985-eng.pdf,,source report is regarding releases. Some sites valid but data is not appropriate for barrier modelling without further checks
 6f37e0697d,t,,SN,2025-12-23,https://publications.gc.ca/collections/collection_2014/mpo-dfo/Fs97-4-1985-eng.pdf,,source report is regarding releases. Some sites valid but data is not appropriate for barrier modelling without further checks
 7a5ebe8023,t,,SN,2025-12-23,https://publications.gc.ca/collections/collection_2014/mpo-dfo/Fs97-4-1985-eng.pdf,,source report is regarding releases. Some sites valid but data is not appropriate for barrier modelling without further checks
 7beac290eb,t,,SN,2025-12-23,https://publications.gc.ca/collections/collection_2014/mpo-dfo/Fs97-4-1985-eng.pdf,,source report is regarding releases. Some sites valid but data is not appropriate for barrier modelling without further checks
 7f66d1ef1e,t,,SN,2025-12-23,https://publications.gc.ca/collections/collection_2014/mpo-dfo/Fs97-4-1985-eng.pdf,,source report is regarding releases. Some sites valid but data is not appropriate for barrier modelling without further checks
 84567b988c,t,,SN,2025-12-23,https://publications.gc.ca/collections/collection_2014/mpo-dfo/Fs97-4-1985-eng.pdf,,source report is regarding releases. Some sites valid but data is not appropriate for barrier modelling without further checks
 8e72942a76,t,,SN,2025-12-23,https://publications.gc.ca/collections/collection_2014/mpo-dfo/Fs97-4-1985-eng.pdf,,source report is regarding releases. Some sites valid but data is not appropriate for barrier modelling without further checks
 9126e9a4a6,t,,SN,2025-12-23,https://publications.gc.ca/collections/collection_2014/mpo-dfo/Fs97-4-1985-eng.pdf,,source report is regarding releases. Some sites valid but data is not appropriate for barrier modelling without further checks
 a234c30f5a,t,,SN,2025-12-23,https://publications.gc.ca/collections/collection_2014/mpo-dfo/Fs97-4-1985-eng.pdf,,source report is regarding releases. Some sites valid but data is not appropriate for barrier modelling without further checks
 a37e51910c,t,,SN,2025-12-23,https://publications.gc.ca/collections/collection_2014/mpo-dfo/Fs97-4-1985-eng.pdf,,source report is regarding releases. Some sites valid but data is not appropriate for barrier modelling without further checks
 b2a2039aa7,t,,SN,2025-12-23,https://publications.gc.ca/collections/collection_2014/mpo-dfo/Fs97-4-1985-eng.pdf,,source report is regarding releases. Some sites valid but data is not appropriate for barrier modelling without further checks
 b36c5dc397,t,,SN,2025-12-23,https://publications.gc.ca/collections/collection_2014/mpo-dfo/Fs97-4-1985-eng.pdf,,source report is regarding releases. Some sites valid but data is not appropriate for barrier modelling without further checks
 b82f5f67f7,t,,SN,2025-12-23,https://publications.gc.ca/collections/collection_2014/mpo-dfo/Fs97-4-1985-eng.pdf,,source report is regarding releases. Some sites valid but data is not appropriate for barrier modelling without further checks
 badf762fd9,t,,SN,2025-12-23,https://publications.gc.ca/collections/collection_2014/mpo-dfo/Fs97-4-1985-eng.pdf,,source report is regarding releases. Some sites valid but data is not appropriate for barrier modelling without further checks
 ce073e58ad,t,,SN,2025-12-23,https://publications.gc.ca/collections/collection_2014/mpo-dfo/Fs97-4-1985-eng.pdf,,source report is regarding releases. Some sites valid but data is not appropriate for barrier modelling without further checks
 cfa2234828,t,,SN,2025-12-23,https://publications.gc.ca/collections/collection_2014/mpo-dfo/Fs97-4-1985-eng.pdf,,source report is regarding releases. Some sites valid but data is not appropriate for barrier modelling without further checks
 d0ec565241,t,,SN,2025-12-23,https://publications.gc.ca/collections/collection_2014/mpo-dfo/Fs97-4-1985-eng.pdf,,source report is regarding releases. Some sites valid but data is not appropriate for barrier modelling without further checks
 d751488966,t,,SN,2025-12-23,https://publications.gc.ca/collections/collection_2014/mpo-dfo/Fs97-4-1985-eng.pdf,,source report is regarding releases. Some sites valid but data is not appropriate for barrier modelling without further checks
 e1eee7ddb5,t,,SN,2025-12-23,https://publications.gc.ca/collections/collection_2014/mpo-dfo/Fs97-4-1985-eng.pdf,,source report is regarding releases. Some sites valid but data is not appropriate for barrier modelling without further checks
 13cb847104,t,,SN,2025-12-23,https://publications.gc.ca/collections/collection_2014/mpo-dfo/Fs97-4-1985-eng.pdf,,source report is regarding releases. Some sites valid but data is not appropriate for barrier modelling without further checks
 018bb2c291,t,,SN,2025-12-23,https://publications.gc.ca/collections/collection_2014/mpo-dfo/Fs97-4-1985-eng.pdf,,source report is regarding releases. Some sites valid but data is not appropriate for barrier modelling without further checks
 060b47d064,t,,SN,2025-12-23,https://publications.gc.ca/collections/collection_2014/mpo-dfo/Fs97-4-1985-eng.pdf,,source report is regarding releases. Some sites valid but data is not appropriate for barrier modelling without further checks
 16f415cb38,t,,SN,2025-12-23,https://publications.gc.ca/collections/collection_2014/mpo-dfo/Fs97-4-1985-eng.pdf,,source report is regarding releases. Some sites valid but data is not appropriate for barrier modelling without further checks
 1828874d99,t,,SN,2025-12-23,https://publications.gc.ca/collections/collection_2014/mpo-dfo/Fs97-4-1985-eng.pdf,,source report is regarding releases. Some sites valid but data is not appropriate for barrier modelling without further checks
 185aeb6e51,t,,SN,2025-12-23,https://publications.gc.ca/collections/collection_2014/mpo-dfo/Fs97-4-1985-eng.pdf,,source report is regarding releases. Some sites valid but data is not appropriate for barrier modelling without further checks
2138364506,t,,SN,2025-12-23,https://publications.gc.ca/collections/collection_2014/mpo-dfo/Fs97-4-1985-eng.pdf,,source report is regarding releases. Some sites valid but data is not appropriate for barrier modelling without further checks
 30eb7ebcfd,t,,SN,2025-12-23,https://publications.gc.ca/collections/collection_2014/mpo-dfo/Fs97-4-1985-eng.pdf,,source report is regarding releases. Some sites valid but data is not appropriate for barrier modelling without further checks
 674a7123d7,t,,SN,2025-12-23,https://publications.gc.ca/collections/collection_2014/mpo-dfo/Fs97-4-1985-eng.pdf,,source report is regarding releases. Some sites valid but data is not appropriate for barrier modelling without further checks
 905d3d5ae9,t,,SN,2025-12-23,https://publications.gc.ca/collections/collection_2014/mpo-dfo/Fs97-4-1985-eng.pdf,,source report is regarding releases. Some sites valid but data is not appropriate for barrier modelling without further checks
 91ab3d391f,t,,SN,2025-12-23,https://publications.gc.ca/collections/collection_2014/mpo-dfo/Fs97-4-1985-eng.pdf,,source report is regarding releases. Some sites valid but data is not appropriate for barrier modelling without further checks
 9891043fdf,t,,SN,2025-12-23,https://publications.gc.ca/collections/collection_2014/mpo-dfo/Fs97-4-1985-eng.pdf,,source report is regarding releases. Some sites valid but data is not appropriate for barrier modelling without further checks
 af3502d3e4,t,,SN,2025-12-23,https://publications.gc.ca/collections/collection_2014/mpo-dfo/Fs97-4-1985-eng.pdf,,source report is regarding releases. Some sites valid but data is not appropriate for barrier modelling without further checks
 b897ff623c,t,,SN,2025-12-23,https://publications.gc.ca/collections/collection_2014/mpo-dfo/Fs97-4-1985-eng.pdf,,source report is regarding releases. Some sites valid but data is not appropriate for barrier modelling without further checks
 c0e2a3217f,t,,SN,2025-12-23,https://publications.gc.ca/collections/collection_2014/mpo-dfo/Fs97-4-1985-eng.pdf,,source report is regarding releases. Some sites valid but data is not appropriate for barrier modelling without further checks
 c35463c86a,t,,SN,2025-12-23,https://publications.gc.ca/collections/collection_2014/mpo-dfo/Fs97-4-1985-eng.pdf,,source report is regarding releases. Some sites valid but data is not appropriate for barrier modelling without further checks
 ca93917c9d,t,,SN,2025-12-23,https://publications.gc.ca/collections/collection_2014/mpo-dfo/Fs97-4-1985-eng.pdf,,source report is regarding releases. Some sites valid but data is not appropriate for barrier modelling without further checks
 d40cf1067c,t,,SN,2025-12-23,https://publications.gc.ca/collections/collection_2014/mpo-dfo/Fs97-4-1985-eng.pdf,,source report is regarding releases. Some sites valid but data is not appropriate for barrier modelling without further checks
 e2d2fab509,t,,SN,2025-12-23,https://publications.gc.ca/collections/collection_2014/mpo-dfo/Fs97-4-1985-eng.pdf,,source report is regarding releases. Some sites valid but data is not appropriate for barrier modelling without further checks
 eff0689a0a,t,,SN,2025-12-23,https://publications.gc.ca/collections/collection_2014/mpo-dfo/Fs97-4-1985-eng.pdf,,source report is regarding releases. Some sites valid but data is not appropriate for barrier modelling without further checks
 0c71898d94,t,,SN,2025-12-23,https://publications.gc.ca/collections/collection_2014/mpo-dfo/Fs97-4-1985-eng.pdf,,source report is regarding releases. Some sites valid but data is not appropriate for barrier modelling without further checks
 da6fa90b5e,t,,SN,2025-12-23,https://publications.gc.ca/collections/collection_2014/mpo-dfo/Fs97-4-1985-eng.pdf,,source report is regarding releases. Some sites valid but data is not appropriate for barrier modelling without further checks
 cbba797024,t,,SN,2025-12-23,https://publications.gc.ca/collections/collection_2014/mpo-dfo/Fs97-4-1985-eng.pdf,,source report is regarding releases. Some sites valid but data is not appropriate for barrier modelling without further checks
 7de0d3b654,t,,SN,2025-12-23,https://publications.gc.ca/collections/collection_2014/mpo-dfo/Fs97-4-1985-eng.pdf,,source report is regarding releases. Some sites valid but data is not appropriate for barrier modelling without further checks
 fcbffd682c,t,,SN,2025-12-23,https://publications.gc.ca/collections/collection_2014/mpo-dfo/Fs97-4-1985-eng.pdf,,source report is regarding releases. Some sites valid but data is not appropriate for barrier modelling without further checks
 09686776f7,t,,SN,2025-12-23,https://publications.gc.ca/collections/collection_2014/mpo-dfo/Fs97-4-1985-eng.pdf,,source report is regarding releases. Some sites valid but data is not appropriate for barrier modelling without further checks
 098e1142aa,t,,SN,2025-12-23,https://publications.gc.ca/collections/collection_2014/mpo-dfo/Fs97-4-1985-eng.pdf,,source report is regarding releases. Some sites valid but data is not appropriate for barrier modelling without further checks
 0e58097971,t,,SN,2025-12-23,https://publications.gc.ca/collections/collection_2014/mpo-dfo/Fs97-4-1985-eng.pdf,,source report is regarding releases. Some sites valid but data is not appropriate for barrier modelling without further checks
 120968f5ab,t,,SN,2025-12-23,https://publications.gc.ca/collections/collection_2014/mpo-dfo/Fs97-4-1985-eng.pdf,,source report is regarding releases. Some sites valid but data is not appropriate for barrier modelling without further checks
 3f58472d75,t,,SN,2025-12-23,https://publications.gc.ca/collections/collection_2014/mpo-dfo/Fs97-4-1985-eng.pdf,,source report is regarding releases. Some sites valid but data is not appropriate for barrier modelling without further checks
 3f60960f75,t,,SN,2025-12-23,https://publications.gc.ca/collections/collection_2014/mpo-dfo/Fs97-4-1985-eng.pdf,,source report is regarding releases. Some sites valid but data is not appropriate for barrier modelling without further checks
 40f6bd343d,t,,SN,2025-12-23,https://publications.gc.ca/collections/collection_2014/mpo-dfo/Fs97-4-1985-eng.pdf,,source report is regarding releases. Some sites valid but data is not appropriate for barrier modelling without further checks
 5475d163d8,t,,SN,2025-12-23,https://publications.gc.ca/collections/collection_2014/mpo-dfo/Fs97-4-1985-eng.pdf,,source report is regarding releases. Some sites valid but data is not appropriate for barrier modelling without further checks
 5ada8c32c8,t,,SN,2025-12-23,https://publications.gc.ca/collections/collection_2014/mpo-dfo/Fs97-4-1985-eng.pdf,,source report is regarding releases. Some sites valid but data is not appropriate for barrier modelling without further checks
 86183b9a85,t,,SN,2025-12-23,https://publications.gc.ca/collections/collection_2014/mpo-dfo/Fs97-4-1985-eng.pdf,,source report is regarding releases. Some sites valid but data is not appropriate for barrier modelling without further checks
 87b337a2ee,t,,SN,2025-12-23,https://publications.gc.ca/collections/collection_2014/mpo-dfo/Fs97-4-1985-eng.pdf,,source report is regarding releases. Some sites valid but data is not appropriate for barrier modelling without further checks
 9d6bb2627c,t,,SN,2025-12-23,https://publications.gc.ca/collections/collection_2014/mpo-dfo/Fs97-4-1985-eng.pdf,,source report is regarding releases. Some sites valid but data is not appropriate for barrier modelling without further checks
 ab812e4870,t,,SN,2025-12-23,https://publications.gc.ca/collections/collection_2014/mpo-dfo/Fs97-4-1985-eng.pdf,,source report is regarding releases. Some sites valid but data is not appropriate for barrier modelling without further checks
 b200028952,t,,SN,2025-12-23,https://publications.gc.ca/collections/collection_2014/mpo-dfo/Fs97-4-1985-eng.pdf,,source report is regarding releases. Some sites valid but data is not appropriate for barrier modelling without further checks
 ba385548ad,t,,SN,2025-12-23,https://publications.gc.ca/collections/collection_2014/mpo-dfo/Fs97-4-1985-eng.pdf,,source report is regarding releases. Some sites valid but data is not appropriate for barrier modelling without further checks
 ca1208880a,t,,SN,2025-12-23,https://publications.gc.ca/collections/collection_2014/mpo-dfo/Fs97-4-1985-eng.pdf,,source report is regarding releases. Some sites valid but data is not appropriate for barrier modelling without further checks
 ce8c5a12b0,t,,SN,2025-12-23,https://publications.gc.ca/collections/collection_2014/mpo-dfo/Fs97-4-1985-eng.pdf,,source report is regarding releases. Some sites valid but data is not appropriate for barrier modelling without further checks
 d9fa7b55a4,t,,SN,2025-12-23,https://publications.gc.ca/collections/collection_2014/mpo-dfo/Fs97-4-1985-eng.pdf,,source report is regarding releases. Some sites valid but data is not appropriate for barrier modelling without further checks
 db83384976,t,,SN,2025-12-23,https://publications.gc.ca/collections/collection_2014/mpo-dfo/Fs97-4-1985-eng.pdf,,source report is regarding releases. Some sites valid but data is not appropriate for barrier modelling without further checks
 ddc697328e,t,,SN,2025-12-23,https://publications.gc.ca/collections/collection_2014/mpo-dfo/Fs97-4-1985-eng.pdf,,source report is regarding releases. Some sites valid but data is not appropriate for barrier modelling without further checks
 e4a6f89790,t,,SN,2025-12-23,https://publications.gc.ca/collections/collection_2014/mpo-dfo/Fs97-4-1985-eng.pdf,,source report is regarding releases. Some sites valid but data is not appropriate for barrier modelling without further checks
 ee3274b280,t,,SN,2025-12-23,https://publications.gc.ca/collections/collection_2014/mpo-dfo/Fs97-4-1985-eng.pdf,,source report is regarding releases. Some sites valid but data is not appropriate for barrier modelling without further checks
 eee78cdb5d,t,,SN,2025-12-23,https://publications.gc.ca/collections/collection_2014/mpo-dfo/Fs97-4-1985-eng.pdf,,source report is regarding releases. Some sites valid but data is not appropriate for barrier modelling without further checks
 f89d12af51,t,,SN,2025-12-23,https://publications.gc.ca/collections/collection_2014/mpo-dfo/Fs97-4-1985-eng.pdf,,source report is regarding releases. Some sites valid but data is not appropriate for barrier modelling without further checks
 9ab60ff3a3,t,,SN,2025-12-23,https://publications.gc.ca/collections/collection_2014/mpo-dfo/Fs97-4-1985-eng.pdf,,source report is regarding releases. Some sites valid but data is not appropriate for barrier modelling without further checks
 bf9c93f962,t,,SN,2025-12-23,https://publications.gc.ca/collections/collection_2014/mpo-dfo/Fs97-4-1985-eng.pdf,,source report is regarding releases. Some sites valid but data is not appropriate for barrier modelling without further checks
 db2c3ecb60,t,,SN,2025-12-23,https://publications.gc.ca/collections/collection_2014/mpo-dfo/Fs97-4-1985-eng.pdf,,source report is regarding releases. Some sites valid but data is not appropriate for barrier modelling without further checks
 3c2fcc772b,t,,SN,2025-12-23,https://publications.gc.ca/collections/collection_2014/mpo-dfo/Fs97-4-1985-eng.pdf,,source report is regarding releases. Some sites valid but data is not appropriate for barrier modelling without further checks
 57e0c3f7d7,t,,SN,2025-12-23,https://publications.gc.ca/collections/collection_2014/mpo-dfo/Fs97-4-1985-eng.pdf,,source report is regarding releases. Some sites valid but data is not appropriate for barrier modelling without further checks
 955f9518c6,t,,SN,2025-12-23,https://publications.gc.ca/collections/collection_2014/mpo-dfo/Fs97-4-1985-eng.pdf,,source report is regarding releases. Some sites valid but data is not appropriate for barrier modelling without further checks
 a95ce2dbe2,t,,SN,2025-12-23,https://publications.gc.ca/collections/collection_2014/mpo-dfo/Fs97-4-1985-eng.pdf,,source report is regarding releases. Some sites valid but data is not appropriate for barrier modelling without further checks
 052b6ab0b7,t,,SN,2025-12-23,https://publications.gc.ca/collections/collection_2014/mpo-dfo/Fs97-4-1985-eng.pdf,,source report is regarding releases. Some sites valid but data is not appropriate for barrier modelling without further checks
 114f2f40cb,t,,SN,2025-12-23,https://publications.gc.ca/collections/collection_2014/mpo-dfo/Fs97-4-1985-eng.pdf,,source report is regarding releases. Some sites valid but data is not appropriate for barrier modelling without further checks
 2c5b059d77,t,,SN,2025-12-23,https://publications.gc.ca/collections/collection_2014/mpo-dfo/Fs97-4-1985-eng.pdf,,source report is regarding releases. Some sites valid but data is not appropriate for barrier modelling without further checks
 2c62728103,t,,SN,2025-12-23,https://publications.gc.ca/collections/collection_2014/mpo-dfo/Fs97-4-1985-eng.pdf,,source report is regarding releases. Some sites valid but data is not appropriate for barrier modelling without further checks
 34d059fb4e,t,,SN,2025-12-23,https://publications.gc.ca/collections/collection_2014/mpo-dfo/Fs97-4-1985-eng.pdf,,source report is regarding releases. Some sites valid but data is not appropriate for barrier modelling without further checks
 351781090d,t,,SN,2025-12-23,https://publications.gc.ca/collections/collection_2014/mpo-dfo/Fs97-4-1985-eng.pdf,,source report is regarding releases. Some sites valid but data is not appropriate for barrier modelling without further checks
 3881e07f97,t,,SN,2025-12-23,https://publications.gc.ca/collections/collection_2014/mpo-dfo/Fs97-4-1985-eng.pdf,,source report is regarding releases. Some sites valid but data is not appropriate for barrier modelling without further checks
 393ce65b7b,t,,SN,2025-12-23,https://publications.gc.ca/collections/collection_2014/mpo-dfo/Fs97-4-1985-eng.pdf,,source report is regarding releases. Some sites valid but data is not appropriate for barrier modelling without further checks
 3aa3224292,t,,SN,2025-12-23,https://publications.gc.ca/collections/collection_2014/mpo-dfo/Fs97-4-1985-eng.pdf,,source report is regarding releases. Some sites valid but data is not appropriate for barrier modelling without further checks
 47c64617cd,t,,SN,2025-12-23,https://publications.gc.ca/collections/collection_2014/mpo-dfo/Fs97-4-1985-eng.pdf,,source report is regarding releases. Some sites valid but data is not appropriate for barrier modelling without further checks
 55b7ab3b6f,t,,SN,2025-12-23,https://publications.gc.ca/collections/collection_2014/mpo-dfo/Fs97-4-1985-eng.pdf,,source report is regarding releases. Some sites valid but data is not appropriate for barrier modelling without further checks
 55c5c9c52d,t,,SN,2025-12-23,https://publications.gc.ca/collections/collection_2014/mpo-dfo/Fs97-4-1985-eng.pdf,,source report is regarding releases. Some sites valid but data is not appropriate for barrier modelling without further checks
 5bba91246e,t,,SN,2025-12-23,https://publications.gc.ca/collections/collection_2014/mpo-dfo/Fs97-4-1985-eng.pdf,,source report is regarding releases. Some sites valid but data is not appropriate for barrier modelling without further checks
 5e369c8193,t,,SN,2025-12-23,https://publications.gc.ca/collections/collection_2014/mpo-dfo/Fs97-4-1985-eng.pdf,,source report is regarding releases. Some sites valid but data is not appropriate for barrier modelling without further checks
 728d917629,t,,SN,2025-12-23,https://publications.gc.ca/collections/collection_2014/mpo-dfo/Fs97-4-1985-eng.pdf,,source report is regarding releases. Some sites valid but data is not appropriate for barrier modelling without further checks
 762f499743,t,,SN,2025-12-23,https://publications.gc.ca/collections/collection_2014/mpo-dfo/Fs97-4-1985-eng.pdf,,source report is regarding releases. Some sites valid but data is not appropriate for barrier modelling without further checks
 889889255c,t,,SN,2025-12-23,https://publications.gc.ca/collections/collection_2014/mpo-dfo/Fs97-4-1985-eng.pdf,,source report is regarding releases. Some sites valid but data is not appropriate for barrier modelling without further checks
 8a633dc012,t,,SN,2025-12-23,https://publications.gc.ca/collections/collection_2014/mpo-dfo/Fs97-4-1985-eng.pdf,,source report is regarding releases. Some sites valid but data is not appropriate for barrier modelling without further checks
 96c4d40f73,t,,SN,2025-12-23,https://publications.gc.ca/collections/collection_2014/mpo-dfo/Fs97-4-1985-eng.pdf,,source report is regarding releases. Some sites valid but data is not appropriate for barrier modelling without further checks
 997639310d,t,,SN,2025-12-23,https://publications.gc.ca/collections/collection_2014/mpo-dfo/Fs97-4-1985-eng.pdf,,source report is regarding releases. Some sites valid but data is not appropriate for barrier modelling without further checks
 9e27e10c71,t,,SN,2025-12-23,https://publications.gc.ca/collections/collection_2014/mpo-dfo/Fs97-4-1985-eng.pdf,,source report is regarding releases. Some sites valid but data is not appropriate for barrier modelling without further checks
 9f81a4795e,t,,SN,2025-12-23,https://publications.gc.ca/collections/collection_2014/mpo-dfo/Fs97-4-1985-eng.pdf,,source report is regarding releases. Some sites valid but data is not appropriate for barrier modelling without further checks
 aa9f99951d,t,,SN,2025-12-23,https://publications.gc.ca/collections/collection_2014/mpo-dfo/Fs97-4-1985-eng.pdf,,source report is regarding releases. Some sites valid but data is not appropriate for barrier modelling without further checks
 c65c712612,t,,SN,2025-12-23,https://publications.gc.ca/collections/collection_2014/mpo-dfo/Fs97-4-1985-eng.pdf,,source report is regarding releases. Some sites valid but data is not appropriate for barrier modelling without further checks
 c8725bde0b,t,,SN,2025-12-23,https://publications.gc.ca/collections/collection_2014/mpo-dfo/Fs97-4-1985-eng.pdf,,source report is regarding releases. Some sites valid but data is not appropriate for barrier modelling without further checks
 da8c6f236f,t,,SN,2025-12-23,https://publications.gc.ca/collections/collection_2014/mpo-dfo/Fs97-4-1985-eng.pdf,,source report is regarding releases. Some sites valid but data is not appropriate for barrier modelling without further checks
 e3fb6cdfa2,t,,SN,2025-12-23,https://publications.gc.ca/collections/collection_2014/mpo-dfo/Fs97-4-1985-eng.pdf,,source report is regarding releases. Some sites valid but data is not appropriate for barrier modelling without further checks
 e43ebee556,t,,SN,2025-12-23,https://publications.gc.ca/collections/collection_2014/mpo-dfo/Fs97-4-1985-eng.pdf,,source report is regarding releases. Some sites valid but data is not appropriate for barrier modelling without further checks
 ebf6a847de,t,,SN,2025-12-23,https://publications.gc.ca/collections/collection_2014/mpo-dfo/Fs97-4-1985-eng.pdf,,source report is regarding releases. Some sites valid but data is not appropriate for barrier modelling without further checks
 7a29bb9d10,t,,SN,2025-12-23,https://publications.gc.ca/collections/collection_2014/mpo-dfo/Fs97-4-1985-eng.pdf,,source report is regarding releases. Some sites valid but data is not appropriate for barrier modelling without further checks
 a418e8c557,t,,SN,2025-12-23,https://publications.gc.ca/collections/collection_2014/mpo-dfo/Fs97-4-1985-eng.pdf,,source report is regarding releases. Some sites valid but data is not appropriate for barrier modelling without further checks
 acbf0a2218,t,,SN,2025-12-23,https://publications.gc.ca/collections/collection_2014/mpo-dfo/Fs97-4-1985-eng.pdf,,source report is regarding releases. Some sites valid but data is not appropriate for barrier modelling without further checks
 f42eb0fcd1,t,,SN,2025-12-23,https://publications.gc.ca/collections/collection_2014/mpo-dfo/Fs97-4-1985-eng.pdf,,source report is regarding releases. Some sites valid but data is not appropriate for barrier modelling without further checks
 0080ad6576,,t,SN,2025-12-23,https://www.worldwaterfalldatabase.com/waterfall/Little-Nitinat-Falls-1860,,all observations upstream of Little Nitnat falls appear to be related to enhancement/releases/stocking
 137370c6d0,,t,SN,2025-12-23,https://www.worldwaterfalldatabase.com/waterfall/Little-Nitinat-Falls-1860,,all observations upstream of Little Nitnat falls appear to be related to enhancement/releases/stocking
 3c33b63a5b,,t,SN,2025-12-23,https://www.worldwaterfalldatabase.com/waterfall/Little-Nitinat-Falls-1860,,all observations upstream of Little Nitnat falls appear to be related to enhancement/releases/stocking
 812d2b7514,,t,SN,2025-12-23,https://www.worldwaterfalldatabase.com/waterfall/Little-Nitinat-Falls-1860,,all observations upstream of Little Nitnat falls appear to be related to enhancement/releases/stocking
 c6bd0ce3d4,,t,SN,2025-12-23,https://www.worldwaterfalldatabase.com/waterfall/Little-Nitinat-Falls-1860,,all observations upstream of Little Nitnat falls appear to be related to enhancement/releases/stocking
 f7627f2506,,t,SN,2025-12-23,https://www.worldwaterfalldatabase.com/waterfall/Little-Nitinat-Falls-1860,,all observations upstream of Little Nitnat falls appear to be related to enhancement/releases/stocking
7dd57d207b,,t,SN,2025-12-23,https://www.worldwaterfalldatabase.com/waterfall/Little-Nitinat-Falls-1860,,all observations upstream of Little Nitnat falls appear to be related to enhancement/releases/stocking
d29fd10ec5,,t,SN,2025-12-23,https://www.worldwaterfalldatabase.com/waterfall/Little-Nitinat-Falls-1860,,all observations upstream of Little Nitnat falls appear to be related to enhancement/releases/stocking
e053154816,,t,SN,2025-12-23,https://www.worldwaterfalldatabase.com/waterfall/Little-Nitinat-Falls-1860,,all observations upstream of Little Nitnat falls appear to be related to enhancement/releases/stocking
087309ce8b,,t,SN,2025-12-23,,,source indicates pers communication with hatchery manager - likely release
11cb3f9cb2,,t,SN,2025-12-23,,,source is a lake enhancement study
dfeec59442,t,,SN,2025-12-23,https://publications.gc.ca/collections/collection_2014/mpo-dfo/Fs97-4-2115-eng.pdf,,enhancement releases in 1980s - presumably one-time
2250e6ca19,t,,SN,2025-12-23,https://publications.gc.ca/collections/collection_2014/mpo-dfo/Fs97-4-2115-eng.pdf,,enhancement releases in 1980s - presumably one-time
73af4758c3,t,,SN,2025-12-23,https://publications.gc.ca/collections/collection_2014/mpo-dfo/Fs97-4-2115-eng.pdf,,enhancement releases in 1980s - presumably one-time
9863e21476,t,,SN,2025-12-23,https://publications.gc.ca/collections/collection_2014/mpo-dfo/Fs97-4-2115-eng.pdf,,enhancement releases in 1980s - presumably one-time
a90310786c,t,,SN,2025-12-23,https://publications.gc.ca/collections/collection_2014/mpo-dfo/Fs97-4-2115-eng.pdf,,enhancement releases in 1980s - presumably one-time
cb14d74b8f,t,,SN,2025-12-23,https://publications.gc.ca/collections/collection_2014/mpo-dfo/Fs97-4-2115-eng.pdf,,enhancement releases in 1980s - presumably one-time
db851f4731,t,,SN,2025-12-23,https://publications.gc.ca/collections/collection_2014/mpo-dfo/Fs97-4-2115-eng.pdf,,enhancement releases in 1980s - presumably one-time
bc327497e0,t,,SN,2025-12-23,https://publications.gc.ca/collections/collection_2014/mpo-dfo/Fs97-4-2115-eng.pdf,,"upstream of Trent Falls, a known barrier"
d360002f17,t,,SN,2025-12-23,https://publications.gc.ca/collections/collection_2014/mpo-dfo/Fs97-4-2115-eng.pdf,,"upstream of Trent Falls, a known barrier"
45b2de5d2c,t,,SN,2025-12-23,https://publications.gc.ca/collections/collection_2014/mpo-dfo/Fs97-4-2115-eng.pdf,,"upstream of Trent Falls, a known barrier"
053e88039b,t,,SN,2025-12-23,https://publications.gc.ca/collections/collection_2014/mpo-dfo/Fs97-4-2115-eng.pdf,,"upstream of Trent Falls, a known barrier"
348c575f93,t,,SN,2025-12-23,https://publications.gc.ca/collections/collection_2014/mpo-dfo/Fs97-4-2115-eng.pdf,,"upstream of Trent Falls, a known barrier"
145c2c5cef,,t,SN,2025-12-23,https://www.oocities.org/stateofthetsolum/ToSR200ProjectandWatershedDescription.htm,,"observation is above both a falls and a dam, likely a stocking/release record"
80c1eccbaa,,t,SN,2025-12-23,https://www.bchydro.com/content/dam/BCHydro/customer-portal/documents/corporate/environment-sustainability/water-use-planning/vancouver-island/jhtmon-8-Yr9-2023-10-18.pdf,,"p2 of report notes hatchery releases in upper watershed, p16 notes ongoing releases in Lower Quinsam Lake, p40 notes lower falls are a barrier to PK/CH"
e1eea29fbf,,t,SN,2025-12-23,https://www.bchydro.com/content/dam/BCHydro/customer-portal/documents/corporate/environment-sustainability/water-use-planning/vancouver-island/jhtmon-8-Yr9-2023-10-18.pdf,,"p2 of report notes hatchery releases in upper watershed, p16 notes ongoing releases in Lower Quinsam Lake, p40 notes lower falls are a barrier to PK/CH"
00a20849e1,,t,SN,2025-12-23,https://www.bchydro.com/content/dam/BCHydro/customer-portal/documents/corporate/environment-sustainability/water-use-planning/vancouver-island/jhtmon-8-Yr9-2023-10-18.pdf,,"p2 of report notes hatchery releases in upper watershed, falls below Middle Quinsam appear to be the max extent of adult access"
2cb8762161,,t,SN,2025-12-23,https://www.bchydro.com/content/dam/BCHydro/customer-portal/documents/corporate/environment-sustainability/water-use-planning/vancouver-island/jhtmon-8-Yr9-2023-10-18.pdf,,"p2 of report notes hatchery releases in upper watershed, falls below Middle Quinsam appear to be the max extent of adult access"
2d3143ae9d,,t,SN,2025-12-23,https://www.bchydro.com/content/dam/BCHydro/customer-portal/documents/corporate/environment-sustainability/water-use-planning/vancouver-island/jhtmon-8-Yr9-2023-10-18.pdf,,"p2 of report notes hatchery releases in upper watershed, falls below Middle Quinsam appear to be the max extent of adult access"
3e1cacbfaa,,t,SN,2025-12-23,https://www.bchydro.com/content/dam/BCHydro/customer-portal/documents/corporate/environment-sustainability/water-use-planning/vancouver-island/jhtmon-8-Yr9-2023-10-18.pdf,,"p2 of report notes hatchery releases in upper watershed, falls below Middle Quinsam appear to be the max extent of adult access"
8dcf996bbd,,t,SN,2025-12-23,https://www.bchydro.com/content/dam/BCHydro/customer-portal/documents/corporate/environment-sustainability/water-use-planning/vancouver-island/jhtmon-8-Yr9-2023-10-18.pdf,,"p2 of report notes hatchery releases in upper watershed, falls below Middle Quinsam appear to be the max extent of adult access"
b2b06e9e9a,,t,SN,2025-12-23,https://www.bchydro.com/content/dam/BCHydro/customer-portal/documents/corporate/environment-sustainability/water-use-planning/vancouver-island/jhtmon-8-Yr9-2023-10-18.pdf,,"p2 of report notes hatchery releases in upper watershed, falls below Middle Quinsam appear to be the max extent of adult access"
d3c0023b91,,t,SN,2025-12-23,https://www.bchydro.com/content/dam/BCHydro/customer-portal/documents/corporate/environment-sustainability/water-use-planning/vancouver-island/jhtmon-8-Yr9-2023-10-18.pdf,,"p2 of report notes hatchery releases in upper watershed, falls below Middle Quinsam appear to be the max extent of adult access"
e8ce0ab008,,t,SN,2025-12-23,https://www.bchydro.com/content/dam/BCHydro/customer-portal/documents/corporate/environment-sustainability/water-use-planning/vancouver-island/jhtmon-8-Yr9-2023-10-18.pdf,,"p2 of report notes hatchery releases in upper watershed, falls below Middle Quinsam appear to be the max extent of adult access"
ee56402923,,t,SN,2025-12-23,https://www.bchydro.com/content/dam/BCHydro/customer-portal/documents/corporate/environment-sustainability/water-use-planning/vancouver-island/jhtmon-8-Yr9-2023-10-18.pdf,,"p2 of report notes hatchery releases in upper watershed, falls below Middle Quinsam appear to be the max extent of adult access"
585c5edd0a,,t,SN,2025-12-23,https://www.bchydro.com/content/dam/BCHydro/customer-portal/documents/corporate/environment-sustainability/water-use-planning/vancouver-island/jhtmon-8-Yr9-2023-10-18.pdf,,"p2 of report notes hatchery releases in upper watershed, falls below Middle Quinsam appear to be the max extent of adult access"
bf8b2159f0,,t,SN,2025-12-23,https://www.bchydro.com/content/dam/BCHydro/customer-portal/documents/corporate/environment-sustainability/water-use-planning/vancouver-island/jhtmon-8-Yr9-2023-10-18.pdf,,"p2 of report notes hatchery releases in upper watershed, falls below Middle Quinsam appear to be the max extent of adult access"
e0d696cab9,,t,SN,2025-12-23,https://www.bchydro.com/content/dam/BCHydro/customer-portal/documents/corporate/environment-sustainability/water-use-planning/vancouver-island/jhtmon-8-Yr9-2023-10-18.pdf,,"p2 of report notes hatchery releases in upper watershed, falls below Middle Quinsam appear to be the max extent of adult access"
034acb50ef,,t,SN,2025-12-23,https://www.bchydro.com/content/dam/BCHydro/customer-portal/documents/corporate/environment-sustainability/water-use-planning/vancouver-island/jhtmon-8-Yr9-2023-10-18.pdf,,"p2 of report notes hatchery releases in upper watershed, falls below Middle Quinsam appear to be the max extent of adult access"
129e5f10d9,,t,SN,2025-12-23,https://www.bchydro.com/content/dam/BCHydro/customer-portal/documents/corporate/environment-sustainability/water-use-planning/vancouver-island/jhtmon-8-Yr9-2023-10-18.pdf,,"p2 of report notes hatchery releases in upper watershed, falls below Middle Quinsam appear to be the max extent of adult access"
20379e7068,,t,SN,2025-12-23,https://www.bchydro.com/content/dam/BCHydro/customer-portal/documents/corporate/environment-sustainability/water-use-planning/vancouver-island/jhtmon-8-Yr9-2023-10-18.pdf,,"p2 of report notes hatchery releases in upper watershed, falls below Middle Quinsam appear to be the max extent of adult access"
3c4374b0f7,,t,SN,2025-12-23,https://www.bchydro.com/content/dam/BCHydro/customer-portal/documents/corporate/environment-sustainability/water-use-planning/vancouver-island/jhtmon-8-Yr9-2023-10-18.pdf,,"p2 of report notes hatchery releases in upper watershed, falls below Middle Quinsam appear to be the max extent of adult access"
6d76433512,,t,SN,2025-12-23,https://www.bchydro.com/content/dam/BCHydro/customer-portal/documents/corporate/environment-sustainability/water-use-planning/vancouver-island/jhtmon-8-Yr9-2023-10-18.pdf,,"p2 of report notes hatchery releases in upper watershed, falls below Middle Quinsam appear to be the max extent of adult access"
7bc978f696,,t,SN,2025-12-23,https://www.bchydro.com/content/dam/BCHydro/customer-portal/documents/corporate/environment-sustainability/water-use-planning/vancouver-island/jhtmon-8-Yr9-2023-10-18.pdf,,"p2 of report notes hatchery releases in upper watershed, falls below Middle Quinsam appear to be the max extent of adult access"
92676a0a5a,,t,SN,2025-12-23,https://www.bchydro.com/content/dam/BCHydro/customer-portal/documents/corporate/environment-sustainability/water-use-planning/vancouver-island/jhtmon-8-Yr9-2023-10-18.pdf,,"p2 of report notes hatchery releases in upper watershed, falls below Middle Quinsam appear to be the max extent of adult access"
965e6d60ab,,t,SN,2025-12-23,https://www.bchydro.com/content/dam/BCHydro/customer-portal/documents/corporate/environment-sustainability/water-use-planning/vancouver-island/jhtmon-8-Yr9-2023-10-18.pdf,,"p2 of report notes hatchery releases in upper watershed, falls below Middle Quinsam appear to be the max extent of adult access"
afe4049276,,t,SN,2025-12-23,https://www.bchydro.com/content/dam/BCHydro/customer-portal/documents/corporate/environment-sustainability/water-use-planning/vancouver-island/jhtmon-8-Yr9-2023-10-18.pdf,,"p2 of report notes hatchery releases in upper watershed, falls below Middle Quinsam appear to be the max extent of adult access"
cacdb715dd,,t,SN,2025-12-23,https://www.bchydro.com/content/dam/BCHydro/customer-portal/documents/corporate/environment-sustainability/water-use-planning/vancouver-island/jhtmon-8-Yr9-2023-10-18.pdf,,"p2 of report notes hatchery releases in upper watershed, falls below Middle Quinsam appear to be the max extent of adult access"
cd17c88f18,,t,SN,2025-12-23,https://www.bchydro.com/content/dam/BCHydro/customer-portal/documents/corporate/environment-sustainability/water-use-planning/vancouver-island/jhtmon-8-Yr9-2023-10-18.pdf,,"p2 of report notes hatchery releases in upper watershed, falls below Middle Quinsam appear to be the max extent of adult access"
f3f682ef33,,t,SN,2025-12-23,https://www.bchydro.com/content/dam/BCHydro/customer-portal/documents/corporate/environment-sustainability/water-use-planning/vancouver-island/jhtmon-8-Yr9-2023-10-18.pdf,,"p2 of report notes hatchery releases in upper watershed, falls below Middle Quinsam appear to be the max extent of adult access"
1c682ebce9,,t,SN,2025-12-23,https://bcparks.ca/elk-falls-park/; https://www.bchydro.com/community/recreation_areas/john_hart.html,,"above Elk Falls (and John Hart Dam), is either an error or stocking/release"
3a547aa80d,,t,SN,2025-12-23,https://bcparks.ca/elk-falls-park/; https://www.bchydro.com/community/recreation_areas/john_hart.html,,"above Elk Falls (and John Hart Dam), is either an error or stocking/release"
519c14902b,,t,SN,2025-12-23,https://bcparks.ca/elk-falls-park/; https://www.bchydro.com/community/recreation_areas/john_hart.html,,"above Elk Falls (and John Hart Dam), is either an error or stocking/release"
5303b76197,,t,SN,2025-12-23,https://bcparks.ca/elk-falls-park/; https://www.bchydro.com/community/recreation_areas/john_hart.html,,"above Elk Falls (and John Hart Dam), is either an error or stocking/release"
6aaef40084,,t,SN,2025-12-23,https://bcparks.ca/elk-falls-park/; https://www.bchydro.com/community/recreation_areas/john_hart.html,,"above Elk Falls (and John Hart Dam), is either an error or stocking/release"
71426f77f9,,t,SN,2025-12-23,https://bcparks.ca/elk-falls-park/; https://www.bchydro.com/community/recreation_areas/john_hart.html,,"above Elk Falls (and John Hart Dam), is either an error or stocking/release"
90c8ae1e6f,,t,SN,2025-12-23,https://bcparks.ca/elk-falls-park/; https://www.bchydro.com/community/recreation_areas/john_hart.html,,"above Elk Falls (and John Hart Dam), is either an error or stocking/release"
a6078e2801,,t,SN,2025-12-23,https://bcparks.ca/elk-falls-park/; https://www.bchydro.com/community/recreation_areas/john_hart.html,,"above Elk Falls (and John Hart Dam), is either an error or stocking/release"
a8c60a1d18,,t,SN,2025-12-23,https://bcparks.ca/elk-falls-park/; https://www.bchydro.com/community/recreation_areas/john_hart.html,,"above Elk Falls (and John Hart Dam), is either an error or stocking/release"
b92a52a65e,,t,SN,2025-12-23,https://bcparks.ca/elk-falls-park/; https://www.bchydro.com/community/recreation_areas/john_hart.html,,"above Elk Falls (and John Hart Dam), is either an error or stocking/release"
f62b2d5c23,,t,SN,2025-12-23,https://bcparks.ca/elk-falls-park/; https://www.bchydro.com/community/recreation_areas/john_hart.html,,"above Elk Falls (and John Hart Dam), is either an error or stocking/release"
c5dc7bb29d,t,,SN,2025-12-23,"topography, very old data tends to have location accuracy issues",,"these are certainly location errors, the points are on a mountainside (on 50% gradients) but indicate spawning/rearing"
fb52849e0d,t,,SN,2025-12-23,"topography, very old data tends to have location accuracy issues",,"these are certainly location errors, the points are on a mountainside (on 50% gradients) but indicate spawning/rearing"
3dcab14650,t,,SN,2025-12-23,https://waves-vagues.dfo-mpo.gc.ca/library-bibliotheque/347392.pdf,,likely location precision issue - Sarita Falls is a confirmed migration barrier
544da05d0a,t,,SN,2025-12-23,https://waves-vagues.dfo-mpo.gc.ca/library-bibliotheque/347392.pdf,,likely location precision issue - Sarita Falls is a confirmed migration barrier
b25f6f80ad,t,,SN,2025-12-23,https://waves-vagues.dfo-mpo.gc.ca/library-bibliotheque/347392.pdf,,likely location precision issue - Sarita Falls is a confirmed migration barrier
0647130b67,t,,SN,2025-12-23,"topography, very old data tends to have location accuracy issues",,"likely location precision issue, points are on 1st order stream up a mountain side"
f0e1a3f558,t,,SN,2025-12-23,"topography, very old data tends to have location accuracy issues",,"likely location precision issue, points are on 1st order stream up a mountain side"
038cf7ba9a,,t,SN,2025-12-23,https://www.shawniganbasinsociety.org/uploads/2/4/3/7/24371226/shawnigan_creek_ushp_report_1371597494948_e1228f3ddc1b3dae1760dc90b8849c6403c386cb1ecb6f328c095aa64e94115c.pdf,,"observations are above a known barrier, trap and truck is ongoing"
1df0d91aa6,,t,SN,2025-12-23,https://www.shawniganbasinsociety.org/uploads/2/4/3/7/24371226/shawnigan_creek_ushp_report_1371597494948_e1228f3ddc1b3dae1760dc90b8849c6403c386cb1ecb6f328c095aa64e94115c.pdf,,"observations are above a known barrier, trap and truck is ongoing"
311a6614ec,,t,SN,2025-12-23,https://www.shawniganbasinsociety.org/uploads/2/4/3/7/24371226/shawnigan_creek_ushp_report_1371597494948_e1228f3ddc1b3dae1760dc90b8849c6403c386cb1ecb6f328c095aa64e94115c.pdf,,"observations are above a known barrier, trap and truck is ongoing"
8c618a5848,,t,SN,2025-12-23,https://www.shawniganbasinsociety.org/uploads/2/4/3/7/24371226/shawnigan_creek_ushp_report_1371597494948_e1228f3ddc1b3dae1760dc90b8849c6403c386cb1ecb6f328c095aa64e94115c.pdf,,"observations are above a known barrier, trap and truck is ongoing"
c622fe90ed,,t,SN,2025-12-23,https://www.shawniganbasinsociety.org/uploads/2/4/3/7/24371226/shawnigan_creek_ushp_report_1371597494948_e1228f3ddc1b3dae1760dc90b8849c6403c386cb1ecb6f328c095aa64e94115c.pdf,,"observations are above a known barrier, trap and truck is ongoing"
f4c57fccde,,t,SN,2025-12-23,https://www.shawniganbasinsociety.org/uploads/2/4/3/7/24371226/shawnigan_creek_ushp_report_1371597494948_e1228f3ddc1b3dae1760dc90b8849c6403c386cb1ecb6f328c095aa64e94115c.pdf,,"observations are above a known barrier, trap and truck is ongoing"
0cbcf838de,t,,SN,2026-01-12,source column in record,known inaccessiblity of Carpenter Lake to salmon,source indicates point should be located in Fraser delta
0d12fefa64,t,,SN,2026-10-12,https://a100.gov.bc.ca/pub/acat/documents/r58709/COA_F20_F_3030_1593619367240_3618982198.pdf,known inaccessibility of Carpenter Lake,source report indicates all samping was done in the Yalakom