blue_line_key,downstream_route_measure,upstream_route_measure,watershed_group_code,species_code,habitat_type,habitat_ind,reviewer_name,review_date,source,notes
356357296,63276.91548,66821.92263,HORS,SK,spawning,t,SH,1/1/2021,CWF WCRP,Horsefly R below falls
356357296,61020.97868,63084.42272,HORS,SK,spawning,t,SH,1/1/2021,CWF WCRP,Horsefly R below McKinley Cr
356357296,59620.71697,61020.97905,HORS,SK,spawning,t,SH,1/1/2021,CWF WCRP,Horsefly R below Black Cr
356357296,59426.66054,59620.71706,HORS,SK,spawning,t,SH,1/1/2021,CWF WCRP,Horsefly R below Wilmot Cr(extends d/s in North fork)
356357296,36486.26566,39289.9023,HORS,SK,spawning,t,SH,1/1/2021,CWF WCRP,"Horsefly R below Woodjam Cr - Potential, limited"
356357296,35091.84208,36486.26484,HORS,SK,spawning,t,SH,1/1/2021,CWF WCRP,Horsefly R below Deerhorn Cr
356357296,27557.65276,35091.84312,HORS,SK,spawning,t,SH,1/1/2021,CWF WCRP,Horsefly R below Sucker Cr
356357296,26730.08995,27557.6527,HORS,SK,spawning,t,SH,1/1/2021,CWF WCRP,Horsefly R below Moffat Cr
356357296,21691.91268,26703.16773,HORS,SK,spawning,t,SH,1/1/2021,CWF WCRP,Horsefly R below Harper's Cr
356357296,14585.31952,21691.9122,HORS,SK,spawning,t,SH,1/1/2021,CWF WCRP,Horsefly R below Little Horsefly R
356357296,4240.676247,14585.32014,HORS,SK,spawning,t,SH,1/1/2021,CWF WCRP,Horsefly R below Rat Cr
356361560,21.01542555,7085.115218,HORS,SK,spawning,t,SH,1/1/2021,CWF WCRP,Moffat Cr (flow goes in west fork)
356343490,18.22060553,1170.652664,HORS,SK,spawning,t,SH,1/1/2021,CWF WCRP,Tisdall Cr - potential
356357296,58225.59853,59426.66031,HORS,SK,spawning,t,SH,1/1/2021,CWF WCRP,"Horsefly R to Tisdall Cr (poor connectivity, possibly in North fork)"
356363537,38,4432,HORS,SK,spawning,t,SH,1/1/2021,CWF WCRP,McKinley Cr
356363537,14990,30685,HORS,SK,spawning,t,SH,1/1/2021,CWF WCRP,McKinley Cr
356356315,35.29829167,4308.074094,HORS,SK,spawning,t,SH,1/1/2021,CWF WCRP,Little Horsefly River
356356315,5718.337728,6831.724972,HORS,SK,spawning,f,SH,1/1/2021,CWF WCRP,Little Horsefly River
356317730,43.70879832,2087,HORS,CH,spawning,t,SH,1/1/2021,CWF WCRP,Black Cr potential habitat
356353773,4507.187459,7476.221502,HORS,CH,spawning,t,SH,1/1/2021,CWF WCRP,Molybdenite Creek -  potential chinook spawning in lower section
356357296,36891.11953,58225.59911,HORS,CH,spawning,f,SH,1/1/2021,CWF WCRP,Horsefly R below Tisdall Cr - not spawning habitat
356328230,35.69623673,1061.635866,HORS,CH,spawning,f,SH,1/1/2021,CWF WCRP,Woodjam Cr
356363840,60.40284812,476.8271856,HORS,CH,rearing,t,SH,1/1/2021,CWF WCRP,Rat Cr
356363537,15150.96019,26748.84973,HORS,CH,rearing,t,SH,1/1/2021,CWF WCRP,McKinley Cr
356363270,91.47701028,966.0677067,HORS,CH,rearing,t,SH,1/1/2021,CWF WCRP,Woodjam tributary
356358551,13.82972652,1549.46438,HORS,CH,rearing,t,SH,1/1/2021,CWF WCRP,Patenaude Cr
356357017,62.345211,439,HORS,CH,rearing,t,SH,1/1/2021,CWF WCRP,Elbow Lake to McKinley Cr
356355495,65.87069098,858.2731869,HORS,CH,rearing,t,SH,1/1/2021,CWF WCRP,Side channel temporary refuge
356349383,24.32381443,1014.312551,HORS,CH,rearing,t,SH,1/1/2021,CWF WCRP,Small tribs between Woodjam Cr & Kroener Cr
356342331,24.14035464,290,HORS,CH,rearing,t,SH,1/1/2021,CWF WCRP,Sucker Cr - lower
356342278,491.6673288,2548.158375,HORS,CH,rearing,t,SH,1/1/2021,CWF WCRP,Starlike Lake outlet
356342278,131.871418,491.6680963,HORS,CH,rearing,t,SH,1/1/2021,CWF WCRP,Deerhorn tributary
356334078,0,494,HORS,CH,rearing,t,SH,1/1/2021,CWF WCRP,Deerhorn tributary
356333908,19.34547469,597.2952741,HORS,CH,rearing,t,SH,1/1/2021,CWF WCRP,Kroener Cr
356328230,1072.23243,15006.49116,HORS,CH,rearing,t,SH,1/1/2021,CWF WCRP,Woodjam Cr
356317730,43.70879832,2087,HORS,CH,rearing,t,SH,1/1/2021,CWF WCRP,Black Cr potential habitat
356316824,21.89360449,241,HORS,CH,rearing,t,SH,1/1/2021,CWF WCRP,Harper's Cr
356310492,23.67178487,6022.748054,HORS,CH,rearing,t,SH,1/1/2021,CWF WCRP,Deerhorn Cr
356292307,44.68301788,510.1698781,HORS,CH,rearing,t,SH,1/1/2021,CWF WCRP,Green Lake outlet
356254011,17.4408829,458,HORS,CH,rearing,t,SH,1/1/2021,CWF WCRP,Vedder Cr
356237874,28.14131157,475,HORS,CH,rearing,t,SH,1/1/2021,CWF WCRP,Small tribs between Woodjam Cr & Kroener Cr
356220138,19.12133636,1430.908855,HORS,CH,rearing,t,SH,1/1/2021,CWF WCRP,Wilmot Cr
356216072,18.97780863,269.2501504,HORS,CH,rearing,t,SH,1/1/2021,CWF WCRP,Side channel temporary refuge
356208960,21.98916421,787,HORS,CH,rearing,t,SH,1/1/2021,CWF WCRP,Sidechannel
356083394,0,56,HORS,CH,rearing,t,SH,1/1/2021,CWF WCRP,Side channel temporary refuge
356358551,248.4091306,1549.46438,HORS,CO,spawning,t,SH,1/1/2021,CWF WCRP,Patenaude Cr
356317730,963.9530542,2087,HORS,CO,spawning,t,SH,1/1/2021,CWF WCRP,Black Cr potential habitat
356353773,3940.305072,7476.221502,HORS,CO,spawning,t,SH,1/1/2021,CWF WCRP,Molybdenite Creek - coho spawning
356357296,36891.11953,58225.59911,HORS,CO,spawning,f,SH,1/1/2021,CWF WCRP,Horsefly R below Tisdall Cr - not spawning habitat
356353773,10467.9004,19359.58449,HORS,CO,spawning,f,SH,1/1/2021,CWF WCRP,"Molybdenite Creek - no record of salmon here, poor habitat"
356328230,35.69623673,1061.635866,HORS,CO,spawning,f,SH,1/1/2021,CWF WCRP,Woodjam Cr
356286838,379.5559953,3803.639621,HORS,CO,spawning,f,SH,1/1/2021,CWF WCRP,Tisdall Lake inlet
356358551,13.82972652,1549.46438,HORS,CO,rearing,t,SH,1/1/2021,CWF WCRP,Patenaude Cr
356333908,19.34547469,597.2952741,HORS,CO,rearing,t,SH,1/1/2021,CWF WCRP,Kroener Cr
356317730,963.9530542,2087,HORS,CO,rearing,t,SH,1/1/2021,CWF WCRP,Black Cr potential habitat
356237874,28.14131157,475,HORS,CO,rearing,t,SH,1/1/2021,CWF WCRP,Small tribs between Woodjam Cr & Kroener Cr
356349383,24.32381443,832.7103512,HORS,CO,rearing,t,SH,1/1/2021,CWF WCRP,Small tribs between Woodjam Cr & Kroener Cr
356208960,21.98916421,787,HORS,CO,rearing,t,SH,1/1/2021,CWF WCRP,Sidechannel
356363840,60.40284812,334.9051598,HORS,CO,rearing,t,SH,1/1/2021,CWF WCRP,Rat Cr
356254011,17.4408829,458,HORS,CO,rearing,t,SH,1/1/2021,CWF WCRP,Vedder Cr
356316824,21.89360449,241,HORS,CO,rearing,t,SH,1/1/2021,CWF WCRP,Harper's Cr
356355495,65.87069098,858.2731869,HORS,CO,rearing,t,SH,1/1/2021,CWF WCRP,Side channel temporary refuge
356216072,18.97780863,269.2501504,HORS,CO,rearing,t,SH,1/1/2021,CWF WCRP,Side channel temporary refuge
356083394,0,56,HORS,CO,rearing,t,SH,1/1/2021,CWF WCRP,Side channel temporary refuge
356353773,10467.9004,19359.58449,HORS,CO,rearing,f,SH,1/1/2021,CWF WCRP,"Molybdenite Creek - no record of salmon here, poor habitat"
356285424,194.1978363,777.7359966,HORS,CO,rearing,f,SH,1/1/2021,CWF WCRP,"Molybdenite Creek - no record of salmon here, poor habitat"
356354875,1157.581455,2438.754462,HORS,CO,rearing,f,SH,1/1/2021,CWF WCRP,Woodjam tributary
356286838,379.5559953,3803.639621,HORS,CO,rearing,f,SH,1/1/2021,CWF WCRP,Tisdall Lake inlet
356342331,290,10380.08722,HORS,CO,rearing,f,SH,1/1/2021,CWF WCRP,Sucker Cr - little to no flow for significant durations. Could remove all.
356284960,383.382961,1047.815825,HORS,CO,rearing,f,SH,1/1/2021,CWF WCRP,Very doubtful
356568903,23056.91607,27691.76111,ELKR,WCT,spawning,t,NJO,1/1/2021,Upper Fording River Teck Assessment,
356562540,0,314.1788761,ELKR,WCT,spawning,t,KO,1/1/2021,Upper Fording River Teck Assessment,
356495329,0,317.7440873,ELKR,WCT,spawning,t,KO,1/1/2021,Upper Fording River Teck Assessment,
356532707,0,198.9,ELKR,WCT,spawning,t,KO,1/1/2021,Upper Fording River Teck Assessment,
356463596,0,41.37,ELKR,WCT,spawning,t,KO,1/1/2021,Upper Fording River Teck Assessment,
356568903,29377.7149,30208.78232,ELKR,WCT,spawning,t,KO,1/1/2021,Upper Fording River Teck Assessment,
356554901,0,606.3384762,ELKR,WCT,spawning,t,KO,1/1/2021,Upper Fording River Teck Assessment,
356413411,0,168.9783775,ELKR,WCT,spawning,t,KO,1/1/2021,Upper Fording River Teck Assessment,
356568903,30782.40055,32555.26074,ELKR,WCT,spawning,t,KO,1/1/2021,Upper Fording River Teck Assessment,
356515145,0,12.55618421,ELKR,WCT,spawning,t,KO,1/1/2021,Upper Fording River Teck Assessment,
356554046,0,355.6797496,ELKR,WCT,spawning,t,KO,1/1/2021,Upper Fording River Teck Assessment,
356473826,0,599.4197711,ELKR,WCT,spawning,t,KO,1/1/2021,Upper Fording River Teck Assessment,
356560689,0,584.1650231,ELKR,WCT,spawning,t,KO,1/1/2021,Upper Fording River Teck Assessment,
356545552,0,138.88,ELKR,WCT,spawning,t,KO,1/1/2021,Upper Fording River Teck Assessment,
356483055,0,149.4586804,ELKR,WCT,spawning,t,KO,1/1/2021,Upper Fording River Teck Assessment,
356568903,32634.7664,34288.49701,ELKR,WCT,spawning,t,KO,1/1/2021,Upper Fording River Teck Assessment,
356563823,0,186.2686821,ELKR,WCT,spawning,t,KO,1/1/2021,Upper Fording River Teck Assessment,
356466128,0,558.9709047,ELKR,WCT,spawning,t,KO,1/1/2021,Upper Fording River Teck Assessment,
356538184,0,7.53900955,ELKR,WCT,spawning,t,KO,1/1/2021,Upper Fording River Teck Assessment,
356566533,0,611.26,ELKR,WCT,spawning,t,KO,1/1/2021,Upper Fording River Teck Assessment,
356568903,34709.60364,37960.81732,ELKR,WCT,spawning,t,KO,1/1/2021,Upper Fording River Teck Assessment,
356507632,0,216.13,ELKR,WCT,spawning,t,KO,1/1/2021,Upper Fording River Teck Assessment,
356523299,0,236.5,ELKR,WCT,spawning,t,KO,1/1/2021,Upper Fording River Teck Assessment,
356568903,38495.92349,38925.64063,ELKR,WCT,spawning,t,KO,1/1/2021,Upper Fording River Teck Assessment,
356437224,0,185.7696409,ELKR,WCT,spawning,t,KO,1/1/2021,Upper Fording River Teck Assessment,
356551347,0,197.0780201,ELKR,WCT,spawning,t,KO,1/1/2021,Upper Fording River Teck Assessment,
356568903,38991.50588,40067.40876,ELKR,WCT,spawning,t,KO,1/1/2021,Upper Fording River Teck Assessment,
356496743,0,176.4879981,ELKR,WCT,spawning,t,KO,1/1/2021,Upper Fording River Teck Assessment,
356499022,0,238,ELKR,WCT,spawning,t,KO,1/1/2021,Upper Fording River Teck Assessment,
356568903,41388.61097,49974.16671,ELKR,WCT,spawning,t,KO,1/1/2021,Upper Fording River Teck Assessment,
356429145,0,507.2741196,ELKR,WCT,spawning,t,KO,1/1/2021,Upper Fording River Teck Assessment,
356502702,0,389.68,ELKR,WCT,spawning,t,KO,1/1/2021,Upper Fording River Teck Assessment,
356504427,0,224.0745593,ELKR,WCT,spawning,t,KO,1/1/2021,Upper Fording River Teck Assessment,
356514573,0,415.5965378,ELKR,WCT,spawning,t,KO,1/1/2021,Upper Fording River Teck Assessment,
356538229,0,232.1294506,ELKR,WCT,spawning,t,KO,1/1/2021,Upper Fording River Teck Assessment,
356538015,0,181.2,ELKR,WCT,spawning,t,KO,1/1/2021,Upper Fording River Teck Assessment,
356461890,0,81.39,ELKR,WCT,spawning,t,KO,1/1/2021,Upper Fording River Teck Assessment,
356475042,0,842.14,ELKR,WCT,spawning,t,KO,1/1/2021,Upper Fording River Teck Assessment,
356532896,0,133.17,ELKR,WCT,spawning,t,KO,1/1/2021,Upper Fording River Teck Assessment,
356385867,0,207.8602442,ELKR,WCT,spawning,t,KO,1/1/2021,Upper Fording River Teck Assessment,
356435249,0,781.3724794,ELKR,WCT,spawning,t,KO,1/1/2021,Upper Fording River Teck Assessment,
356461951,0,13.12710296,ELKR,WCT,spawning,t,KO,1/1/2021,Upper Fording River Teck Assessment,
356551971,0,143.7,ELKR,WCT,spawning,t,KO,1/1/2021,Upper Fording River Teck Assessment,
356531860,0,493.4671693,ELKR,WCT,spawning,t,KO,1/1/2021,Upper Fording River Teck Assessment,
356553530,0,122.73,ELKR,WCT,spawning,t,KO,1/1/2021,Upper Fording River Teck Assessment,
356480727,0,581.3,ELKR,WCT,spawning,t,KO,1/1/2021,Upper Fording River Teck Assessment,
356543731,0,666.51,ELKR,WCT,spawning,t,KO,1/1/2021,Upper Fording River Teck Assessment,
356397040,0,313.5477828,ELKR,WCT,spawning,t,KO,1/1/2021,Upper Fording River Teck Assessment,
356557001,0,210.6032648,ELKR,WCT,spawning,t,KO,1/1/2021,Upper Fording River Teck Assessment,
356366321,0,1029.748233,ELKR,WCT,spawning,t,KO,1/1/2021,Upper Fording River Teck Assessment,
356392414,0,170.24,ELKR,WCT,spawning,t,KO,1/1/2021,Upper Fording River Teck Assessment,
356437318,0,138.92,ELKR,WCT,spawning,t,KO,1/1/2021,Upper Fording River Teck Assessment,
356404889,0,14.58888543,ELKR,WCT,spawning,t,KO,1/1/2021,Upper Fording River Teck Assessment,
356568903,51920.01905,52272.18949,ELKR,WCT,spawning,t,KO,1/1/2021,Upper Fording River Teck Assessment,
356558982,0,978.9035155,ELKR,WCT,spawning,t,NJO,1/1/2021,Upper Fording River Teck Assessment,
356568903,54255.95725,55234.21963,ELKR,WCT,spawning,t,KO,1/1/2021,Upper Fording River Teck Assessment,
356568903,55612.21035,61351.42152,ELKR,WCT,spawning,t,KO,1/1/2021,Upper Fording River Teck Assessment,
356551760,0,243.3382085,ELKR,WCT,spawning,t,KO,1/1/2021,Upper Fording River Teck Assessment,
356523091,0,190.0633168,ELKR,WCT,spawning,t,KO,1/1/2021,Upper Fording River Teck Assessment,
356526907,0,560.9185783,ELKR,WCT,spawning,t,KO,1/1/2021,Upper Fording River Teck Assessment,
356557661,0,581.0843474,ELKR,WCT,spawning,t,KO,1/1/2021,Upper Fording River Teck Assessment,
356550234,0,407.5567724,ELKR,WCT,spawning,t,KO,1/1/2021,Upper Fording River Teck Assessment,
356476152,0,621.6255746,ELKR,WCT,spawning,t,KO,1/1/2021,Upper Fording River Teck Assessment,
356568903,61485.61043,62151.22356,ELKR,WCT,spawning,t,KO,1/1/2021,Upper Fording River Teck Assessment,
356563941,0,1275.62034,ELKR,WCT,spawning,t,NJO,1/1/2021,Upper Fording River Teck Assessment,
356568903,62287.14772,67055.97258,ELKR,WCT,spawning,t,KO,1/1/2021,Upper Fording River Teck Assessment,
356540755,0,25.56,ELKR,WCT,spawning,t,KO,1/1/2021,Upper Fording River Teck Assessment,
356482501,0,57.53,ELKR,WCT,spawning,t,KO,1/1/2021,Upper Fording River Teck Assessment,
356568903,68295.97232,68938.36428,ELKR,WCT,spawning,t,KO,1/1/2021,Upper Fording River Teck Assessment,
356448507,0,236.55,ELKR,WCT,spawning,t,KO,1/1/2021,Upper Fording River Teck Assessment,
356568903,22052.63619,24304.1444,ELKR,WCT,rearing,t,KO,1/1/2021,Upper Fording River Teck Assessment,
356534055,0,246.5561653,ELKR,WCT,rearing,t,KO,1/1/2021,Upper Fording River Teck Assessment,
356484547,0,277.80187,ELKR,WCT,rearing,t,KO,1/1/2021,Upper Fording River Teck Assessment,
356552574,0,165.929714,ELKR,WCT,rearing,t,KO,1/1/2021,Upper Fording River Teck Assessment,
356568903,25269.12147,27910.74151,ELKR,WCT,rearing,t,KO,1/1/2021,Upper Fording River Teck Assessment,
356495329,0,284.2302966,ELKR,WCT,rearing,t,KO,1/1/2021,Upper Fording River Teck Assessment,
356532707,0,198.9,ELKR,WCT,rearing,t,KO,1/1/2021,Upper Fording River Teck Assessment,
356463596,0,41.37,ELKR,WCT,rearing,t,KO,1/1/2021,Upper Fording River Teck Assessment,
356507053,0,274.1800017,ELKR,WCT,rearing,t,KO,1/1/2021,Upper Fording River Teck Assessment,
356568903,29377.7149,30208.78232,ELKR,WCT,rearing,t,KO,1/1/2021,Upper Fording River Teck Assessment,
356413411,0,168.9783775,ELKR,WCT,rearing,t,KO,1/1/2021,Upper Fording River Teck Assessment,
356554901,0,817.3473421,ELKR,WCT,rearing,t,KO,1/1/2021,Upper Fording River Teck Assessment,
356467318,0,266.4446244,ELKR,WCT,rearing,t,KO,1/1/2021,Upper Fording River Teck Assessment,
356568903,31823.28493,32548.28441,ELKR,WCT,rearing,t,KO,1/1/2021,Upper Fording River Teck Assessment,
356545552,0,138.88,ELKR,WCT,rearing,t,KO,1/1/2021,Upper Fording River Teck Assessment,
356483055,0,149.4586804,ELKR,WCT,rearing,t,KO,1/1/2021,Upper Fording River Teck Assessment,
356560689,0,584.1650231,ELKR,WCT,rearing,t,KO,1/1/2021,Upper Fording River Teck Assessment,
356568903,34709.60364,36552.6604,ELKR,WCT,rearing,t,KO,1/1/2021,Upper Fording River Teck Assessment,
356568903,36955.14986,37960.81732,ELKR,WCT,rearing,t,KO,1/1/2021,Upper Fording River Teck Assessment,
356568903,42130.22517,44695.19213,ELKR,WCT,rearing,t,KO,1/1/2021,Upper Fording River Teck Assessment,
356514573,0,577.2405591,ELKR,WCT,rearing,t,KO,1/1/2021,Upper Fording River Teck Assessment,
356538229,0,232.1294506,ELKR,WCT,rearing,t,KO,1/1/2021,Upper Fording River Teck Assessment,
356541706,0,326.553124,ELKR,WCT,rearing,t,KO,1/1/2021,Upper Fording River Teck Assessment,
356475042,0,468.5077662,ELKR,WCT,rearing,t,KO,1/1/2021,Upper Fording River Teck Assessment,
356385867,0,207.8602442,ELKR,WCT,rearing,t,KO,1/1/2021,Upper Fording River Teck Assessment,
356435249,0,781.3724794,ELKR,WCT,rearing,t,KO,1/1/2021,Upper Fording River Teck Assessment,
356568903,45543.98906,46286.86555,ELKR,WCT,rearing,t,KO,1/1/2021,Upper Fording River Teck Assessment,
356568903,46416.14541,47502.84432,ELKR,WCT,rearing,t,KO,1/1/2021,Upper Fording River Teck Assessment,
356553530,0,122.73,ELKR,WCT,rearing,t,KO,1/1/2021,Upper Fording River Teck Assessment,
356480727,0,397.2027751,ELKR,WCT,rearing,t,KO,1/1/2021,Upper Fording River Teck Assessment,
356543731,0,511.1851913,ELKR,WCT,rearing,t,KO,1/1/2021,Upper Fording River Teck Assessment,
356568903,49323.09147,49974.16671,ELKR,WCT,rearing,t,KO,1/1/2021,Upper Fording River Teck Assessment,
356568903,52440.76179,52897.44682,ELKR,WCT,rearing,t,KO,1/1/2021,Upper Fording River Teck Assessment,
356568903,57513.19552,59084.4948,ELKR,WCT,rearing,t,KO,1/1/2021,Upper Fording River Teck Assessment,
356551760,0,200.2786428,ELKR,WCT,rearing,t,KO,1/1/2021,Upper Fording River Teck Assessment,
356523091,0,185.9933007,ELKR,WCT,rearing,t,KO,1/1/2021,Upper Fording River Teck Assessment,
356568903,59715.69441,60771.60355,ELKR,WCT,rearing,t,KO,1/1/2021,Upper Fording River Teck Assessment,
356557661,0,581.0843474,ELKR,WCT,rearing,t,KO,1/1/2021,Upper Fording River Teck Assessment,
356550234,0,267.5255122,ELKR,WCT,rearing,t,KO,1/1/2021,Upper Fording River Teck Assessment,
356563941,468.1489005,1275.62034,ELKR,WCT,rearing,t,KO,1/1/2021,Upper Fording River Teck Assessment,
356568903,68295.97232,69483.43259,ELKR,WCT,rearing,t,KO,1/1/2021,Upper Fording River Teck Assessment,
356448507,236.55,415.7756425,ELKR,WCT,rearing,t,KO,1/1/2021,Upper Fording River Teck Assessment,
356311373,4345,7422,HORS,CO,spawning,f,NMW,1/1/2021,DWB field assessment,
356311373,4345,7422,HORS,CH,spawning,f,NMW,1/1/2021,DWB field assessment,
356311373,4345,7422,HORS,SK,spawning,f,NMW,1/1/2021,DWB field assessment,
356311373,4345,7422,HORS,CO,rearing,f,NMW,1/1/2021,DWB field assessment,
356311373,4345,7422,HORS,CH,rearing,f,NMW,1/1/2021,DWB field assessment,
356311373,4345,7422,HORS,SK,rearing,f,NMW,1/1/2021,DWB field assessment,
356294881,335,1524,HORS,CO,spawning,f,NMW,1/1/2021,DWB field assessment,
356294881,335,1524,HORS,CH,spawning,f,NMW,1/1/2021,DWB field assessment,
356294881,335,1524,HORS,SK,spawning,f,NMW,1/1/2021,DWB field assessment,
356294881,335,1524,HORS,CO,rearing,f,NMW,1/1/2021,DWB field assessment,
356294881,335,1524,HORS,CH,rearing,f,NMW,1/1/2021,DWB field assessment,
356294881,335,1524,HORS,SK,rearing,f,NMW,1/1/2021,DWB field assessment,
356191395,0,2866,HORS,CO,spawning,f,NMW,1/1/2021,DWB field assessment,
356191395,0,2866,HORS,CH,spawning,f,NMW,1/1/2021,DWB field assessment,
356191395,0,2866,HORS,SK,spawning,f,NMW,1/1/2021,DWB field assessment,
356191395,0,2866,HORS,CO,rearing,f,NMW,1/1/2021,DWB field assessment,
356191395,0,2866,HORS,CH,rearing,f,NMW,1/1/2021,DWB field assessment,
356191395,0,2866,HORS,SK,rearing,f,NMW,1/1/2021,DWB field assessment,
356033287,0,930,HORS,CO,spawning,f,NMW,1/1/2021,DWB field assessment,
356033287,0,930,HORS,CH,spawning,f,NMW,1/1/2021,DWB field assessment,
356033287,0,930,HORS,SK,spawning,f,NMW,1/1/2021,DWB field assessment,
356033287,0,930,HORS,CO,rearing,f,NMW,1/1/2021,DWB field assessment,
356033287,0,930,HORS,CH,rearing,f,NMW,1/1/2021,DWB field assessment,
356033287,0,930,HORS,SK,rearing,f,NMW,1/1/2021,DWB field assessment,
356342331,5308,16358,HORS,CO,spawning,f,NMW,1/1/2021,Local knowledge Horsefly WCRP planning team,
356342331,5308,16358,HORS,CH,spawning,f,NMW,1/1/2021,Local knowledge Horsefly WCRP planning team,
356342331,5308,16358,HORS,SK,spawning,f,NMW,1/1/2021,Local knowledge Horsefly WCRP planning team,
356342331,5308,16358,HORS,CO,rearing,f,NMW,1/1/2021,Local knowledge Horsefly WCRP planning team,
356342331,5308,16358,HORS,CH,rearing,f,NMW,1/1/2021,Local knowledge Horsefly WCRP planning team,
356342331,5308,16358,HORS,SK,rearing,f,NMW,1/1/2021,Local knowledge Horsefly WCRP planning team,
356006372,0,630,HORS,CO,spawning,f,NMW,1/1/2021,Local knowledge Horsefly WCRP planning team,
356006372,0,630,HORS,CH,spawning,f,NMW,1/1/2021,Local knowledge Horsefly WCRP planning team,
356006372,0,630,HORS,SK,spawning,f,NMW,1/1/2021,Local knowledge Horsefly WCRP planning team,
356006372,0,630,HORS,CO,rearing,f,NMW,1/1/2021,Local knowledge Horsefly WCRP planning team,
356006372,0,630,HORS,CH,rearing,f,NMW,1/1/2021,Local knowledge Horsefly WCRP planning team,
356006372,0,630,HORS,SK,rearing,f,NMW,1/1/2021,Local knowledge Horsefly WCRP planning team,
356318365,0,3109,HORS,CO,spawning,f,NMW,1/1/2021,Local knowledge Horsefly WCRP planning team,
356318365,0,3109,HORS,CH,spawning,f,NMW,1/1/2021,Local knowledge Horsefly WCRP planning team,
356318365,0,3109,HORS,SK,spawning,f,NMW,1/1/2021,Local knowledge Horsefly WCRP planning team,
356318365,0,3109,HORS,CO,rearing,f,NMW,1/1/2021,Local knowledge Horsefly WCRP planning team,
356318365,0,3109,HORS,CH,rearing,f,NMW,1/1/2021,Local knowledge Horsefly WCRP planning team,
356318365,0,3109,HORS,SK,rearing,f,NMW,1/1/2021,Local knowledge Horsefly WCRP planning team,
356219090,0,5088,HORS,CO,spawning,f,NMW,1/1/2021,Local knowledge Horsefly WCRP planning team,
356219090,0,5088,HORS,CH,spawning,f,NMW,1/1/2021,Local knowledge Horsefly WCRP planning team,
356219090,0,5088,HORS,SK,spawning,f,NMW,1/1/2021,Local knowledge Horsefly WCRP planning team,
356219090,0,5088,HORS,CO,rearing,f,NMW,1/1/2021,Local knowledge Horsefly WCRP planning team,
356219090,0,5088,HORS,CH,rearing,f,NMW,1/1/2021,Local knowledge Horsefly WCRP planning team,
356219090,0,5088,HORS,SK,rearing,f,NMW,1/1/2021,Local knowledge Horsefly WCRP planning team,
356127158,0,1619,HORS,CO,spawning,f,NMW,1/1/2021,Local knowledge Horsefly WCRP planning team,
356127158,0,1619,HORS,CH,spawning,f,NMW,1/1/2021,Local knowledge Horsefly WCRP planning team,
356127158,0,1619,HORS,SK,spawning,f,NMW,1/1/2021,Local knowledge Horsefly WCRP planning team,
356127158,0,1619,HORS,CO,rearing,f,NMW,1/1/2021,Local knowledge Horsefly WCRP planning team,
356127158,0,1619,HORS,CH,rearing,f,NMW,1/1/2021,Local knowledge Horsefly WCRP planning team,
356127158,0,1619,HORS,SK,rearing,f,NMW,1/1/2021,Local knowledge Horsefly WCRP planning team,
356190892,0,2830,HORS,CO,spawning,f,NMW,1/1/2021,Local knowledge Horsefly WCRP planning team,
356190892,0,2830,HORS,CH,spawning,f,NMW,1/1/2021,Local knowledge Horsefly WCRP planning team,
356190892,0,2830,HORS,SK,spawning,f,NMW,1/1/2021,Local knowledge Horsefly WCRP planning team,
356190892,0,2830,HORS,CO,rearing,f,NMW,1/1/2021,Local knowledge Horsefly WCRP planning team,
356190892,0,2830,HORS,CH,rearing,f,NMW,1/1/2021,Local knowledge Horsefly WCRP planning team,
356190892,0,2830,HORS,SK,rearing,f,NMW,1/1/2021,Local knowledge Horsefly WCRP planning team,
356322746,0,1159,HORS,CO,spawning,f,NMW,1/1/2021,Local knowledge Horsefly WCRP planning team,
356322746,0,1159,HORS,CH,spawning,f,NMW,1/1/2021,Local knowledge Horsefly WCRP planning team,
356322746,0,1159,HORS,SK,spawning,f,NMW,1/1/2021,Local knowledge Horsefly WCRP planning team,
356322746,0,1159,HORS,CO,rearing,f,NMW,1/1/2021,Local knowledge Horsefly WCRP planning team,
356322746,0,1159,HORS,CH,rearing,f,NMW,1/1/2021,Local knowledge Horsefly WCRP planning team,
356322746,0,1159,HORS,SK,rearing,f,NMW,1/1/2021,Local knowledge Horsefly WCRP planning team,
356240390,0,914,HORS,CO,spawning,f,NMW,1/1/2021,Local knowledge Horsefly WCRP planning team,
356240390,0,914,HORS,CH,spawning,f,NMW,1/1/2021,Local knowledge Horsefly WCRP planning team,
356240390,0,914,HORS,SK,spawning,f,NMW,1/1/2021,Local knowledge Horsefly WCRP planning team,
356240390,0,914,HORS,CO,rearing,f,NMW,1/1/2021,Local knowledge Horsefly WCRP planning team,
356240390,0,914,HORS,CH,rearing,f,NMW,1/1/2021,Local knowledge Horsefly WCRP planning team,
356240390,0,914,HORS,SK,rearing,f,NMW,1/1/2021,Local knowledge Horsefly WCRP planning team,
356186699,0,621,HORS,CO,spawning,f,NMW,1/1/2021,Local knowledge Horsefly WCRP planning team,
356186699,0,621,HORS,CH,spawning,f,NMW,1/1/2021,Local knowledge Horsefly WCRP planning team,
356186699,0,621,HORS,SK,spawning,f,NMW,1/1/2021,Local knowledge Horsefly WCRP planning team,
356186699,0,621,HORS,CO,rearing,f,NMW,1/1/2021,Local knowledge Horsefly WCRP planning team,
356186699,0,621,HORS,CH,rearing,f,NMW,1/1/2021,Local knowledge Horsefly WCRP planning team,
356186699,0,621,HORS,SK,rearing,f,NMW,1/1/2021,Local knowledge Horsefly WCRP planning team,
360869864,0,1831,WORC,CM,spawning,t,TMK,6/30/2022,spawning_cm_nass (PSF),
360836306,0,376,WORC,CM,spawning,t,TMK,6/30/2022,spawning_cm_nass (PSF),
360885211,0,11678,WORC,CM,spawning,t,TMK,6/30/2022,spawning_cm_nass (PSF),
360819971,274,496,WORC,CM,spawning,t,TMK,6/30/2022,spawning_cm_nass (PSF),
360870007,432,3731,WORC,CM,spawning,t,TMK,6/30/2022,spawning_cm_nass (PSF),
360880640,0,8346,WORC,CM,spawning,t,TMK,6/30/2022,spawning_cm_nass (PSF),
360882263,1587,10181,WORC,CM,spawning,t,TMK,6/30/2022,spawning_cm_nass (PSF),
360840856,0,2452,WORC,CM,spawning,t,TMK,6/30/2022,spawning_cm_nass (PSF),
360528125,0,573,WORC,CM,spawning,t,TMK,6/30/2022,spawning_cm_nass (PSF),
360846281,0,1676,WORC,CM,spawning,t,TMK,6/30/2022,spawning_cm_nass (PSF),
360711936,0,1006,WORC,CM,spawning,t,TMK,6/30/2022,spawning_cm_nass (PSF),
360554960,0,948,WORC,CM,spawning,t,TMK,6/30/2022,spawning_cm_nass (PSF),
360806184,0,707,WORC,CM,spawning,t,TMK,6/30/2022,spawning_cm_nass (PSF),
360296692,0,1217,WORC,CM,spawning,t,TMK,6/30/2022,spawning_cm_nass (PSF),
360880075,7994,14318,LNAR,CM,spawning,t,TMK,6/30/2022,spawning_cm_nass (PSF),
360216538,2012,2335,LNAR,CM,spawning,t,TMK,6/30/2022,spawning_cm_nass (PSF),
360880780,0,23587,LNAR,CM,spawning,t,TMK,6/30/2022,spawning_cm_nass (PSF),
360810915,0,3345,LNAR,CM,spawning,t,TMK,6/30/2022,spawning_cm_nass (PSF),
360882700,0,3942,LNAR,CM,spawning,t,TMK,6/30/2022,spawning_cm_nass (PSF),
360877679,1311,20842,LNAR,CM,spawning,t,TMK,6/30/2022,spawning_cm_nass (PSF),
360844571,1476,26451,LNAR,CM,spawning,t,TMK,6/30/2022,spawning_cm_nass (PSF),
360860605,0,4664,LNAR,CM,spawning,t,TMK,6/30/2022,spawning_cm_nass (PSF),
360836218,0,2461,LNAR,CM,spawning,t,TMK,6/30/2022,spawning_cm_nass (PSF),
360866765,0,4732,LNAR,CM,spawning,t,TMK,6/30/2022,spawning_cm_nass (PSF),
360219588,0,2197,LNAR,CM,spawning,t,TMK,6/30/2022,spawning_cm_nass (PSF),
360219580,155,299,LNAR,CM,spawning,t,TMK,6/30/2022,spawning_cm_nass (PSF),
360844604,165,2310,LNAR,CM,spawning,t,TMK,6/30/2022,spawning_cm_nass (PSF),
360884999,381,2032,LNAR,CM,spawning,t,TMK,6/30/2022,spawning_cm_nass (PSF),
360218614,12967,14838,LNAR,CM,spawning,t,TMK,6/30/2022,spawning_cm_nass (PSF),
360812410,330,600,LNAR,CM,spawning,t,TMK,6/30/2022,spawning_cm_nass (PSF),
360221666,176,2147,LNAR,CM,spawning,t,TMK,6/30/2022,spawning_cm_nass (PSF),
360879549,29,2821,LNAR,CM,spawning,t,TMK,6/30/2022,spawning_cm_nass (PSF),
360785233,0,4182,KSHR,CM,spawning,t,TMK,6/30/2022,spawning_cm_nass (PSF),
360781887,0,2992,KSHR,CM,spawning,t,TMK,6/30/2022,spawning_cm_nass (PSF),
360877620,0,6281,KSHR,CM,spawning,t,TMK,6/30/2022,spawning_cm_nass (PSF),
360870442,0,1692,KSHR,CM,spawning,t,TMK,6/30/2022,spawning_cm_nass (PSF),
360829364,0,361,KSHR,CM,spawning,t,TMK,6/30/2022,spawning_cm_nass (PSF),
360864293,0,700,KSHR,CM,spawning,t,TMK,6/30/2022,spawning_cm_nass (PSF),
360805384,406,862,KSHR,CM,spawning,t,TMK,6/30/2022,spawning_cm_nass (PSF),
360867698,0,1860,KSHR,CM,spawning,t,TMK,6/30/2022,spawning_cm_nass (PSF),
360867921,98,1628,KSHR,CM,spawning,t,TMK,6/30/2022,spawning_cm_nass (PSF),
360886670,0,1856,KSHR,CM,spawning,t,TMK,6/30/2022,spawning_cm_nass (PSF),
360881469,228,1821,KSHR,CM,spawning,t,TMK,6/30/2022,spawning_cm_nass (PSF),
360846169,0,193,KSHR,CM,spawning,t,TMK,6/30/2022,spawning_cm_nass (PSF),
360886327,187,2645,KSHR,CM,spawning,t,TMK,6/30/2022,spawning_cm_nass (PSF),
360239513,0,555,KSHR,CM,spawning,t,TMK,6/30/2022,spawning_cm_nass (PSF),
360841750,0,672,KSHR,CM,spawning,t,TMK,6/30/2022,spawning_cm_nass (PSF),
360881469,1820,4814,KSHR,CM,spawning,t,TMK,6/30/2022,spawning_cm_nass (PSF),
360885311,0,159,KSHR,CM,spawning,t,TMK,6/30/2022,spawning_cm_nass (PSF),
360775465,0,20,KSHR,CM,spawning,t,TMK,6/30/2022,spawning_cm_nass (PSF),
360885427,0,1324,KSHR,CM,spawning,t,TMK,6/30/2022,spawning_cm_nass (PSF),
360815487,0,215,KSHR,CM,spawning,t,TMK,6/30/2022,spawning_cm_nass (PSF),
360868849,5835,6563,KSHR,CM,spawning,t,TMK,6/30/2022,spawning_cm_nass (PSF),
360755733,0,31,KSHR,CM,spawning,t,TMK,6/30/2022,spawning_cm_nass (PSF),
360550802,0,283,KSHR,CM,spawning,t,TMK,6/30/2022,spawning_cm_nass (PSF),
360868849,0,4012,KSHR,CM,spawning,t,TMK,6/30/2022,spawning_cm_nass (PSF),
360708587,0,573,KSHR,CM,spawning,t,TMK,6/30/2022,spawning_cm_nass (PSF),
360233791,0,371,KSHR,CM,spawning,t,TMK,6/30/2022,spawning_cm_nass (PSF),
360756321,0,221,KSHR,CM,spawning,t,TMK,6/30/2022,spawning_cm_nass (PSF),
360240724,0,728,KSHR,CM,spawning,t,TMK,6/30/2022,spawning_cm_nass (PSF),
360225715,0,137,KSHR,CM,spawning,t,TMK,6/30/2022,spawning_cm_nass (PSF),
360868992,0,1438,KSHR,CM,spawning,t,TMK,6/30/2022,spawning_cm_nass (PSF),
360225714,0,354,KSHR,CM,spawning,t,TMK,6/30/2022,spawning_cm_nass (PSF),
360860569,0,5328,KSHR,CM,spawning,t,TMK,6/30/2022,spawning_cm_nass (PSF),
360227663,0,1014,KSHR,CM,spawning,t,TMK,6/30/2022,spawning_cm_nass (PSF),
360227661,0,813,KSHR,CM,spawning,t,TMK,6/30/2022,spawning_cm_nass (PSF),
360227666,0,844,KSHR,CM,spawning,t,TMK,6/30/2022,spawning_cm_nass (PSF),
360227662,0,680,KSHR,CM,spawning,t,TMK,6/30/2022,spawning_cm_nass (PSF),
360229247,0,577,KSHR,CM,spawning,t,TMK,6/30/2022,spawning_cm_nass (PSF),
360835613,0,2140,KSHR,CM,spawning,t,TMK,6/30/2022,spawning_cm_nass (PSF),
360214265,0,1680,KSHR,CM,spawning,t,TMK,6/30/2022,spawning_cm_nass (PSF),
360837024,0,1772,KSHR,CM,spawning,t,TMK,6/30/2022,spawning_cm_nass (PSF),
360882327,0,116,KSHR,CM,spawning,t,TMK,6/30/2022,spawning_cm_nass (PSF),
360233209,0,216,KSHR,CM,spawning,t,TMK,6/30/2022,spawning_cm_nass (PSF),
360866676,0,1600,KSHR,CM,spawning,t,TMK,6/30/2022,spawning_cm_nass (PSF),
360233007,0,435,KSHR,CM,spawning,t,TMK,6/30/2022,spawning_cm_nass (PSF),
360876170,45200,82582,LSKE,CM,spawning,t,TMK,6/30/2022,spawning_cm_skeena (PSF),
360885916,0,1647,LSKE,CM,spawning,t,TMK,6/30/2022,spawning_cm_skeena (PSF),
360852064,0,1715,LSKE,CM,spawning,t,TMK,6/30/2022,spawning_cm_skeena (PSF),
360886209,0,3071,LSKE,CM,spawning,t,TMK,6/30/2022,spawning_cm_skeena (PSF),
360837700,0,4079,LSKE,CM,spawning,t,TMK,6/30/2022,spawning_cm_skeena (PSF),
360885269,476,593,LSKE,CM,spawning,t,TMK,6/30/2022,spawning_cm_skeena (PSF),
360851168,271,3029,LSKE,CM,spawning,t,TMK,6/30/2022,spawning_cm_skeena (PSF),
360879315,8042,25042,LSKE,CM,spawning,t,TMK,6/30/2022,spawning_cm_skeena (PSF),
360859486,0,4697,LSKE,CM,spawning,t,TMK,6/30/2022,spawning_cm_skeena (PSF),
360855500,0,936,LSKE,CM,spawning,t,TMK,6/30/2022,spawning_cm_skeena (PSF),
360852928,703,1301,LSKE,CM,spawning,t,TMK,6/30/2022,spawning_cm_skeena (PSF),
360822070,0,132,LSKE,CM,spawning,t,TMK,6/30/2022,spawning_cm_skeena (PSF),
360222073,0,509,LSKE,CM,spawning,t,TMK,6/30/2022,spawning_cm_skeena (PSF),
360215725,1735,2930,LSKE,CM,spawning,t,TMK,6/30/2022,spawning_cm_skeena (PSF),
360887278,59977,60891,LSKE,CM,spawning,t,TMK,6/30/2022,spawning_cm_skeena (PSF),
360852928,315,1301,LSKE,CM,spawning,t,TMK,6/30/2022,spawning_cm_skeena (PSF),
360879632,0,15720,LSKE,CM,spawning,t,TMK,6/30/2022,spawning_cm_skeena (PSF),
360887278,64758,65809,LSKE,CM,spawning,t,TMK,6/30/2022,spawning_cm_skeena (PSF),
360216962,1249,1513,LSKE,CM,spawning,t,TMK,6/30/2022,spawning_cm_skeena (PSF),
360224434,115,4648,LSKE,CM,spawning,t,TMK,6/30/2022,spawning_cm_skeena (PSF),
360884603,0,29110,LSKE,CM,spawning,t,TMK,6/30/2022,spawning_cm_skeena (PSF),
360887399,0,24157,LSKE,CM,spawning,t,TMK,6/30/2022,spawning_cm_skeena (PSF),
360884936,1309,2767,LSKE,CM,spawning,t,TMK,6/30/2022,spawning_cm_skeena (PSF),
360885410,0,4097,LSKE,CM,spawning,t,TMK,6/30/2022,spawning_cm_skeena (PSF),
360217492,0,4784,LSKE,CM,spawning,t,TMK,6/30/2022,spawning_cm_skeena (PSF),
360864753,1110,2173,LSKE,CM,spawning,t,TMK,6/30/2022,spawning_cm_skeena (PSF),
360862078,0,5149,LSKE,CM,spawning,t,TMK,6/30/2022,spawning_cm_skeena (PSF),
360552442,0,14,LSKE,CM,spawning,t,TMK,6/30/2022,spawning_cm_skeena (PSF),
360882477,0,19795,LSKE,CM,spawning,t,TMK,6/30/2022,spawning_cm_skeena (PSF),
360805378,0,830,LSKE,CM,spawning,t,TMK,6/30/2022,spawning_cm_skeena (PSF),
360879877,1924,19555,LKEL,CM,spawning,t,TMK,6/30/2022,spawning_cm_skeena (PSF),
360881483,0,6586,LKEL,CM,spawning,t,TMK,6/30/2022,spawning_cm_skeena (PSF),
360747505,469,6131,LSKE,CM,spawning,t,TMK,6/30/2022,spawning_cm_skeena (PSF),
360886024,1319,10175,KLUM,CM,spawning,t,TMK,6/30/2022,spawning_cm_skeena (PSF),
360882917,0,1856,KLUM,CM,spawning,t,TMK,6/30/2022,spawning_cm_skeena (PSF),
360887278,122285,124633,KLUM,CM,spawning,t,TMK,6/30/2022,spawning_cm_skeena (PSF),
360883243,200,31116,KLUM,CM,spawning,t,TMK,6/30/2022,spawning_cm_skeena (PSF),
360217417,61,181,KLUM,CM,spawning,t,TMK,6/30/2022,spawning_cm_skeena (PSF),
360821840,0,1838,KLUM,CM,spawning,t,TMK,6/30/2022,spawning_cm_skeena (PSF),
360881231,0,393,KLUM,CM,spawning,t,TMK,6/30/2022,spawning_cm_skeena (PSF),
360881231,393,6983,ZYMO,CM,spawning,t,TMK,6/30/2022,spawning_cm_skeena (PSF),
360860250,0,3487,KLUM,CM,spawning,t,TMK,6/30/2022,spawning_cm_skeena (PSF),
360227936,229,1217,KLUM,CM,spawning,t,TMK,6/30/2022,spawning_cm_skeena (PSF),
360887278,146579,147407,KULM,CM,spawning,t,TMK,6/30/2022,spawning_cm_skeena (PSF),
360887278,162944,163363,KULM,CM,spawning,t,TMK,6/30/2022,spawning_cm_skeena (PSF),
360887278,182077,183738,KULM,CM,spawning,t,TMK,6/30/2022,spawning_cm_skeena (PSF),
360868790,229,2465,KULM,CM,spawning,t,TMK,6/30/2022,spawning_cm_skeena (PSF),
360887278,204953,206304,KULM,CM,spawning,t,TMK,6/30/2022,spawning_cm_skeena (PSF),
360869906,269,1520,KULM,CM,spawning,t,TMK,6/30/2022,spawning_cm_skeena (PSF),
360869584,255,37970,KISP,CM,spawning,t,TMK,6/30/2022,spawning_cm_skeena (PSF),
360885913,0,2548,KISP,CM,spawning,t,TMK,6/30/2022,spawning_cm_skeena (PSF),
360872156,0,2871,KISP,CM,spawning,t,TMK,6/30/2022,spawning_cm_skeena (PSF),
360807210,0,1624,KISP,CM,spawning,t,TMK,6/30/2022,spawning_cm_skeena (PSF),
360842669,22,5412,KISP,CM,spawning,t,TMK,6/30/2022,spawning_cm_skeena (PSF),
360887278,329092,329649,KISP,CM,spawning,t,TMK,6/30/2022,spawning_cm_skeena (PSF),
360887278,332592,333486,KISP,CM,spawning,t,TMK,6/30/2022,spawning_cm_skeena (PSF),
360887278,288091,288771,KISP,CM,spawning,t,TMK,6/30/2022,spawning_cm_skeena (PSF),
360885864,0,50375,KISP,CM,spawning,t,TMK,6/30/2022,spawning_cm_skeena (PSF),
360876226,0,1416,KISP,CM,spawning,t,TMK,6/30/2022,spawning_cm_skeena (PSF),
360832729,0,684,KISP,CM,spawning,t,TMK,6/30/2022,spawning_cm_skeena (PSF),
360854107,0,1827,KISP,CM,spawning,t,TMK,6/30/2022,spawning_cm_skeena (PSF),
360216959,523,715,LSKE,CM,spawning,t,TMK,6/30/2022,spawning_cm_skeena (PSF),
360216955,571,1645,LSKE,CM,spawning,t,TMK,6/30/2022,spawning_cm_skeena (PSF),
360887278,72648,73056,LSKE,CM,spawning,t,TMK,6/30/2022,spawning_cm_skeena (PSF),
360215443,202,1477,LSKE,CM,spawning,t,TMK,6/30/2022,spawning_cm_skeena (PSF),
360216959,1643,2475,LSKE,CM,spawning,t,TMK,6/30/2022,spawning_cm_skeena (PSF),
360215445,1206,2859,LSKE,CM,spawning,t,TMK,6/30/2022,spawning_cm_skeena (PSF),
360216959,2722,3241,LSKE,CM,spawning,t,TMK,6/30/2022,spawning_cm_skeena (PSF),
360846255,47,500,LSKE,CM,spawning,t,TMK,6/30/2022,spawning_cm_skeena (PSF),
360887278,75287,75440,LSKE,CM,spawning,t,TMK,6/30/2022,spawning_cm_skeena (PSF),
360215443,2228,2971,LSKE,CM,spawning,t,TMK,6/30/2022,spawning_cm_skeena (PSF),
360215445,4185,5069,LSKE,CM,spawning,t,TMK,6/30/2022,spawning_cm_skeena (PSF),
360887278,76425,77497,LSKE,CM,spawning,t,TMK,6/30/2022,spawning_cm_skeena (PSF),
360887278,78015,78697,LSKE,CM,spawning,t,TMK,6/30/2022,spawning_cm_skeena (PSF),
360215443,5764,7375,LSKE,CM,spawning,t,TMK,6/30/2022,spawning_cm_skeena (PSF),
360215444,0,1170,LSKE,CM,spawning,t,TMK,6/30/2022,spawning_cm_skeena (PSF),
360214625,0,548,LSKE,CM,spawning,t,TMK,6/30/2022,spawning_cm_skeena (PSF),
360887278,80410,80983,LSKE,CM,spawning,t,TMK,6/30/2022,spawning_cm_skeena (PSF),
360214625,1004,6251,LSKE,CM,spawning,t,TMK,6/30/2022,spawning_cm_skeena (PSF),
360214628,1282,2369,LSKE,CM,spawning,t,TMK,6/30/2022,spawning_cm_skeena (PSF),
360887278,83309,86605,LSKE,CM,spawning,t,TMK,6/30/2022,spawning_cm_skeena (PSF),
360222476,162,1872,LSKE,CM,spawning,t,TMK,6/30/2022,spawning_cm_skeena (PSF),
360224349,0,894,LSKE,CM,spawning,t,TMK,6/30/2022,spawning_cm_skeena (PSF),
360214612,1023,1708,LSKE,CM,spawning,t,TMK,6/30/2022,spawning_cm_skeena (PSF),
360762304,0,191,LSKE,CM,spawning,t,TMK,6/30/2022,spawning_cm_skeena (PSF),
360218782,590,1150,LSKE,CM,spawning,t,TMK,6/30/2022,spawning_cm_skeena (PSF),
360218779,26,243,LSKE,CM,spawning,t,TMK,6/30/2022,spawning_cm_skeena (PSF),
360215936,41,1558,LSKE,CM,spawning,t,TMK,6/30/2022,spawning_cm_skeena (PSF),
360887278,91501,92383,LSKE,CM,spawning,t,TMK,6/30/2022,spawning_cm_skeena (PSF),
360215936,2106,3597,LSKE,CM,spawning,t,TMK,6/30/2022,spawning_cm_skeena (PSF),
360887278,95722,96427,LSKE,CM,spawning,t,TMK,6/30/2022,spawning_cm_skeena (PSF),
360219571,1968,3171,LSKE,CM,spawning,t,TMK,6/30/2022,spawning_cm_skeena (PSF),
360833234,0,862,LSKE,CM,spawning,t,TMK,6/30/2022,spawning_cm_skeena (PSF),
360856043,0,393,LSKE,CM,spawning,t,TMK,6/30/2022,spawning_cm_skeena (PSF),
360213256,1500,1561,LSKE,CM,spawning,t,TMK,6/30/2022,spawning_cm_skeena (PSF),
360887278,99999,101798,LSKE,CM,spawning,t,TMK,6/30/2022,spawning_cm_skeena (PSF),
360881622,0,2215,LSKE,CM,spawning,t,TMK,6/30/2022,spawning_cm_skeena (PSF),
360867625,0,2574,LSKE,CM,spawning,t,TMK,6/30/2022,spawning_cm_skeena (PSF),
360229707,107,969,LSKE,CM,spawning,t,TMK,6/30/2022,spawning_cm_skeena (PSF),
360217250,36,968,LSKE,CM,spawning,t,TMK,6/30/2022,spawning_cm_skeena (PSF),
360887278,103606,105048,LSKE,CM,spawning,t,TMK,6/30/2022,spawning_cm_skeena (PSF),
360217240,0,54,LSKE,CM,spawning,t,TMK,6/30/2022,spawning_cm_skeena (PSF),
360217247,168,1007,LSKE,CM,spawning,t,TMK,6/30/2022,spawning_cm_skeena (PSF),
360217245,0,792,LSKE,CM,spawning,t,TMK,6/30/2022,spawning_cm_skeena (PSF),
360887278,107329,108307,LSKE,CM,spawning,t,TMK,6/30/2022,spawning_cm_skeena (PSF),
360887278,111230,112307,LSKE,CM,spawning,t,TMK,6/30/2022,spawning_cm_skeena (PSF),
360876170,63646,69362,LSKE,PK,spawning,t,TMK,7/4/2022,spawning_pke/pko_skeena (PSF),
360876170,60666,61688,LSKE,PK,spawning,t,TMK,7/4/2022,spawning_pke/pko_skeena (PSF),
360876170,59541,59958,LSKE,PK,spawning,t,TMK,7/4/2022,spawning_pke/pko_skeena (PSF),
360885916,0,1047,LSKE,PK,spawning,t,TMK,7/4/2022,spawning_pke/pko_skeena (PSF),
360876170,48948,57302,LSKE,PK,spawning,t,TMK,7/4/2022,spawning_pke/pko_skeena (PSF),
360886209,0,2467,LSKE,PK,spawning,t,TMK,7/4/2022,spawning_pke/pko_skeena (PSF),
360874973,1946,6427,LSKE,PK,spawning,t,TMK,7/4/2022,spawning_pke/pko_skeena (PSF),
360837700,0,3764,LSKE,PK,spawning,t,TMK,7/4/2022,spawning_pke/pko_skeena (PSF),
360885269,413,1652,LSKE,PK,spawning,t,TMK,7/4/2022,spawning_pke/pko_skeena (PSF),
360851168,271,2984,LSKE,PK,spawning,t,TMK,7/4/2022,spawning_pke/pko_skeena (PSF),
360875342,3964,4376,LSKE,PK,spawning,t,TMK,7/4/2022,spawning_pke/pko_skeena (PSF),
360881076,8275,19103,LSKE,PK,spawning,t,TMK,7/4/2022,spawning_pke/pko_skeena (PSF),
360869712,19,1525,LSKE,PK,spawning,t,TMK,7/4/2022,spawning_pke/pko_skeena (PSF),
360884936,1309,3717,LSKE,PK,spawning,t,TMK,7/4/2022,spawning_pke/pko_skeena (PSF),
360887399,23415,24157,LSKE,PK,spawning,t,TMK,7/4/2022,spawning_pke/pko_skeena (PSF),
360885380,552,2608,LSKE,PK,spawning,t,TMK,7/4/2022,spawning_pke/pko_skeena (PSF),
360852928,610,1301,LSKE,PK,spawning,t,TMK,7/4/2022,spawning_pke/pko_skeena (PSF),
360886142,0,1299,LSKE,PK,spawning,t,TMK,7/4/2022,spawning_pke/pko_skeena (PSF),
360887278,44797,46184,LSKE,PK,spawning,t,TMK,7/4/2022,spawning_pke/pko_skeena (PSF),
360852545,438,5332,LSKE,PK,spawning,t,TMK,7/4/2022,spawning_pke/pko_skeena (PSF),
360881064,3542,5404,LSKE,PK,spawning,t,TMK,7/4/2022,spawning_pke/pko_skeena (PSF),
360874863,0,4291,LSKE,PK,spawning,t,TMK,7/4/2022,spawning_pke/pko_skeena (PSF),
360879315,10984,25993,LSKE,PK,spawning,t,TMK,7/4/2022,spawning_pke/pko_skeena (PSF),
360859486,0,4418,LSKE,PK,spawning,t,TMK,7/4/2022,spawning_pke/pko_skeena (PSF),
360855500,0,936,LSKE,PK,spawning,t,TMK,7/4/2022,spawning_pke/pko_skeena (PSF),
360866260,26,11044,SUST,PK,spawning,t,TMK,7/4/2022,spawning_pke/pko_skeena (PSF),
360222070,0,1144,LSKE,PK,spawning,t,TMK,7/4/2022,spawning_pke/pko_skeena (PSF),
360887278,54392,55671,LSKE,PK,spawning,t,TMK,7/4/2022,spawning_pke/pko_skeena (PSF),
360883307,0,1755,LSKE,PK,spawning,t,TMK,7/4/2022,spawning_pke/pko_skeena (PSF),
360222073,250,649,LSKE,PK,spawning,t,TMK,7/4/2022,spawning_pke/pko_skeena (PSF),
360879632,0,8386,LSKE,PK,spawning,t,TMK,7/4/2022,spawning_pke/pko_skeena (PSF),
360884603,12914,23211,LSKE,PK,spawning,t,TMK,7/4/2022,spawning_pke/pko_skeena (PSF),
360224434,115,1308,LSKE,PK,spawning,t,TMK,7/4/2022,spawning_pke/pko_skeena (PSF),
360887278,64758,66834,LSKE,PK,spawning,t,TMK,7/4/2022,spawning_pke/pko_skeena (PSF),
360224434,2780,4648,LSKE,PK,spawning,t,TMK,7/4/2022,spawning_pke/pko_skeena (PSF),
360227863,0,748,LSKE,PK,spawning,t,TMK,7/4/2022,spawning_pke/pko_skeena (PSF),
360887278,71234,71832,LSKE,PK,spawning,t,TMK,7/4/2022,spawning_pke/pko_skeena (PSF),
360887399,0,7075,LSKE,PK,spawning,t,TMK,7/4/2022,spawning_pke/pko_skeena (PSF),
360864753,0,4351,LSKE,PK,spawning,t,TMK,7/4/2022,spawning_pke/pko_skeena (PSF),
360215443,845,2971,LSKE,PK,spawning,t,TMK,7/4/2022,spawning_pke/pko_skeena (PSF),
360887278,75287,75440,LSKE,PK,spawning,t,TMK,7/4/2022,spawning_pke/pko_skeena (PSF),
360887278,77166,78391,LSKE,PK,spawning,t,TMK,7/4/2022,spawning_pke/pko_skeena (PSF),
360215443,4244,5764,LSKE,PK,spawning,t,TMK,7/4/2022,spawning_pke/pko_skeena (PSF),
360214628,509,2369,LSKE,PK,spawning,t,TMK,7/4/2022,spawning_pke/pko_skeena (PSF),
360776359,0,149,LSKE,PK,spawning,t,TMK,7/4/2022,spawning_pke/pko_skeena (PSF),
360887278,2905,2959,LSKE,PK,spawning,t,TMK,7/4/2022,spawning_pke/pko_skeena (PSF),
360214621,0,1545,LSKE,PK,spawning,t,TMK,7/4/2022,spawning_pke/pko_skeena (PSF),
360789196,0,551,LSKE,PK,spawning,t,TMK,7/4/2022,spawning_pke/pko_skeena (PSF),
360778686,0,294,LSKE,PK,spawning,t,TMK,7/4/2022,spawning_pke/pko_skeena (PSF),
360480391,0,584,LSKE,PK,spawning,t,TMK,7/4/2022,spawning_pke/pko_skeena (PSF),
360887278,86606,87778,LSKE,PK,spawning,t,TMK,7/4/2022,spawning_pke/pko_skeena (PSF),
360214612,537,1589,LSKE,PK,spawning,t,TMK,7/4/2022,spawning_pke/pko_skeena (PSF),
360882477,0,315,LSKE,PK,spawning,t,TMK,7/4/2022,spawning_pke/pko_skeena (PSF),
360218782,590,1150,LSKE,PK,spawning,t,TMK,7/4/2022,spawning_pke/pko_skeena (PSF),
360218779,0,243,LSKE,PK,spawning,t,TMK,7/4/2022,spawning_pke/pko_skeena (PSF),
360215936,41,1156,LSKE,PK,spawning,t,TMK,7/4/2022,spawning_pke/pko_skeena (PSF),
360215935,0,719,LSKE,PK,spawning,t,TMK,7/4/2022,spawning_pke/pko_skeena (PSF),
360215941,0,322,LSKE,PK,spawning,t,TMK,7/4/2022,spawning_pke/pko_skeena (PSF),
360806893,0,332,LSKE,PK,spawning,t,TMK,7/4/2022,spawning_pke/pko_skeena (PSF),
360219571,1968,3171,LSKE,PK,spawning,t,TMK,7/4/2022,spawning_pke/pko_skeena (PSF),
360887278,97872,103025,LSKE,PK,spawning,t,TMK,7/4/2022,spawning_pke/pko_skeena (PSF),
360229707,0,315,LSKE,PK,spawning,t,TMK,7/4/2022,spawning_pke/pko_skeena (PSF),
360886999,0,1012,LSKE,PK,spawning,t,TMK,7/4/2022,spawning_pke/pko_skeena (PSF),
360217250,0,928,LSKE,PK,spawning,t,TMK,7/4/2022,spawning_pke/pko_skeena (PSF),
360217245,102,791,LSKE,PK,spawning,t,TMK,7/4/2022,spawning_pke/pko_skeena (PSF),
360887278,104760,105737,LSKE,PK,spawning,t,TMK,7/4/2022,spawning_pke/pko_skeena (PSF),
360887278,107825,108307,LSKE,PK,spawning,t,TMK,7/4/2022,spawning_pke/pko_skeena (PSF),
360873979,0,511,LSKE,PK,spawning,t,TMK,7/4/2022,spawning_pke/pko_skeena (PSF),
360453800,0,736,LSKE,PK,spawning,t,TMK,7/4/2022,spawning_pke/pko_skeena (PSF),
360879877,1924,19415,LKEL,PK,spawning,t,TMK,7/4/2022,spawning_pke/pko_skeena (PSF),
360614221,0,2932,LKEL,PK,spawning,t,TMK,7/4/2022,spawning_pke/pko_skeena (PSF),
360881483,0,6051,LKEL,PK,spawning,t,TMK,7/4/2022,spawning_pke/pko_skeena (PSF),
360868412,0,2705,LKEL,PK,spawning,t,TMK,7/4/2022,spawning_pke/pko_skeena (PSF),
360857490,1306,2012,LKEL,PK,spawning,t,TMK,7/4/2022,spawning_pke/pko_skeena (PSF),
360764947,902,1159,LKEL,PK,spawning,t,TMK,7/4/2022,spawning_pke/pko_skeena (PSF),
360883271,567,2464,LKEL,PK,spawning,t,TMK,7/4/2022,spawning_pke/pko_skeena (PSF),
360830798,0,1491,LKEL,PK,spawning,t,TMK,7/4/2022,spawning_pke/pko_skeena (PSF),
360886024,1318,17259,KLUM,PK,spawning,t,TMK,7/4/2022,spawning_pke/pko_skeena (PSF),
360882917,0,1856,KLUM,PK,spawning,t,TMK,7/4/2022,spawning_pke/pko_skeena (PSF),
360866605,0,1028,KLUM,PK,spawning,t,TMK,7/4/2022,spawning_pke/pko_skeena (PSF),
360887278,118117,121307,KLUM,PK,spawning,t,TMK,7/4/2022,spawning_pke/pko_skeena (PSF),
360883243,200,31116,KLUM,PK,spawning,t,TMK,7/4/2022,spawning_pke/pko_skeena (PSF),
360885828,0,1833,KLUM,PK,spawning,t,TMK,7/4/2022,spawning_pke/pko_skeena (PSF),
360827000,139,1019,KLUM,PK,spawning,t,TMK,7/4/2022,spawning_pke/pko_skeena (PSF),
360718495,0,1208,KLUM,PK,spawning,t,TMK,7/4/2022,spawning_pke/pko_skeena (PSF),
360821840,74,1657,KLUM,PK,spawning,t,TMK,7/4/2022,spawning_pke/pko_skeena (PSF),
360881231,393,6983,ZYMO,PK,spawning,t,TMK,7/4/2022,spawning_pke/pko_skeena (PSF),
360884348,129,260,KLUM,PK,spawning,t,TMK,7/4/2022,spawning_pke/pko_skeena (PSF),
360811096,1062,2881,KLUM,PK,spawning,t,TMK,7/4/2022,spawning_pke/pko_skeena (PSF),
360860250,0,1845,KLUM,PK,spawning,t,TMK,7/4/2022,spawning_pke/pko_skeena (PSF),
360716877,110,1960,KLUM,PK,spawning,t,TMK,7/4/2022,spawning_pke/pko_skeena (PSF),
360237311,0,255,KLUM,PK,spawning,t,TMK,7/4/2022,spawning_pke/pko_skeena (PSF),
360852838,0,318,KLUM,PK,spawning,t,TMK,7/4/2022,spawning_pke/pko_skeena (PSF),
360885474,0,938,KLUM,PK,spawning,t,TMK,7/4/2022,spawning_pke/pko_skeena (PSF),
360856909,387,653,KLUM,PK,spawning,t,TMK,7/4/2022,spawning_pke/pko_skeena (PSF),
360862207,0,508,KLUM,PK,spawning,t,TMK,7/4/2022,spawning_pke/pko_skeena (PSF),
360857091,75,1007,KLUM,PK,spawning,t,TMK,7/4/2022,spawning_pke/pko_skeena (PSF),
360868790,229,2409,KLUM,PK,spawning,t,TMK,7/4/2022,spawning_pke/pko_skeena (PSF),
360857951,0,1074,KLUM,PK,spawning,t,TMK,7/4/2022,spawning_pke/pko_skeena (PSF),
360785523,0,284,KLUM,PK,spawning,t,TMK,7/4/2022,spawning_pke/pko_skeena (PSF),
360869906,80,1520,KLUM,PK,spawning,t,TMK,7/4/2022,spawning_pke/pko_skeena (PSF),
360887278,213130,213749,KLUM,PK,spawning,t,TMK,7/4/2022,spawning_pke/pko_skeena (PSF),
360880575,0,2178,KLUM,PK,spawning,t,TMK,7/4/2022,spawning_pke/pko_skeena (PSF),
360871236,301,3287,KLUM,PK,spawning,t,TMK,7/4/2022,spawning_pke/pko_skeena (PSF),
360849262,0,2783,KISP,PK,spawning,t,TMK,7/4/2022,spawning_pke/pko_skeena (PSF),
360853713,0,1765,KISP,PK,spawning,t,TMK,7/4/2022,spawning_pke/pko_skeena (PSF),
360869584,0,37970,KISP,PK,spawning,t,TMK,7/4/2022,spawning_pke/pko_skeena (PSF),
360885913,0,6029,KISP,PK,spawning,t,TMK,7/4/2022,spawning_pke/pko_skeena (PSF),
360856941,0,3294,KISP,PK,spawning,t,TMK,7/4/2022,spawning_pke/pko_skeena (PSF),
360872156,0,17341,KISP,PK,spawning,t,TMK,7/4/2022,spawning_pke/pko_skeena (PSF),
360884678,0,733,KISP,PK,spawning,t,TMK,7/4/2022,spawning_pke/pko_skeena (PSF),
360887129,0,1219,KISP,PK,spawning,t,TMK,7/4/2022,spawning_pke/pko_skeena (PSF),
360807210,0,689,KISP,PK,spawning,t,TMK,7/4/2022,spawning_pke/pko_skeena (PSF),
360884614,0,907,KISP,PK,spawning,t,TMK,7/4/2022,spawning_pke/pko_skeena (PSF),
360811728,0,1203,KISP,PK,spawning,t,TMK,7/4/2022,spawning_pke/pko_skeena (PSF),
360864873,0,1571,BULK,PK,spawning,t,TMK,7/4/2022,spawning_pke/pko_skeena (PSF),
360786815,0,591,KISP,PK,spawning,t,TMK,7/4/2022,spawning_pke/pko_skeena (PSF),
360676564,0,1688,KISP,PK,spawning,t,TMK,7/4/2022,spawning_pke/pko_skeena (PSF),
360875115,0,1406,KISP,PK,spawning,t,TMK,7/4/2022,spawning_pke/pko_skeena (PSF),
360885864,0,93706,KISP,PK,spawning,t,TMK,7/4/2022,spawning_pke/pko_skeena (PSF),
360876226,0,4227,KISP,PK,spawning,t,TMK,7/4/2022,spawning_pke/pko_skeena (PSF),
360832729,0,1758,KISP,PK,spawning,t,TMK,7/4/2022,spawning_pke/pko_skeena (PSF),
360878462,0,550,KISP,PK,spawning,t,TMK,7/4/2022,spawning_pke/pko_skeena (PSF),
360854107,0,3791,KISP,PK,spawning,t,TMK,7/4/2022,spawning_pke/pko_skeena (PSF),
360849408,0,972,KISP,PK,spawning,t,TMK,7/4/2022,spawning_pke/pko_skeena (PSF),
360828666,0,5394,KISP,PK,spawning,t,TMK,7/4/2022,spawning_pke/pko_skeena (PSF),
360763710,0,1126,KISP,PK,spawning,t,TMK,7/4/2022,spawning_pke/pko_skeena (PSF),
360860238,0,1354,KISP,PK,spawning,t,TMK,7/4/2022,spawning_pke/pko_skeena (PSF),
360880875,0,871,KISP,PK,spawning,t,TMK,7/4/2022,spawning_pke/pko_skeena (PSF),
360830759,0,1108,KISP,PK,spawning,t,TMK,7/4/2022,spawning_pke/pko_skeena (PSF),
360845671,0,1738,KISP,PK,spawning,t,TMK,7/4/2022,spawning_pke/pko_skeena (PSF),
360859746,0,4840,KISP,PK,spawning,t,TMK,7/4/2022,spawning_pke/pko_skeena (PSF),
360842669,0,12760,KISP,PK,spawning,t,TMK,7/4/2022,spawning_pke/pko_skeena (PSF),
360876911,0,722,MSKE,PK,spawning,t,TMK,7/4/2022,spawning_pke/pko_skeena (PSF),
360887063,955,8263,MORR,PK,spawning,t,TMK,7/4/2022,spawning_pke/pko_skeena (PSF),
360885316,90445,91754,MORR,PK,spawning,t,TMK,7/4/2022,spawning_pke/pko_skeena (PSF),
360885316,84382,85606,MORR,PK,spawning,t,TMK,7/4/2022,spawning_pke/pko_skeena (PSF),
360885316,80956,82112,MORR,PK,spawning,t,TMK,7/4/2022,spawning_pke/pko_skeena (PSF),
360885316,76944,78345,MORR,PK,spawning,t,TMK,7/4/2022,spawning_pke/pko_skeena (PSF),
360885021,2911,3987,MORR,PK,spawning,t,TMK,7/4/2022,spawning_pke/pko_skeena (PSF),
360885021,4714,5956,MORR,PK,spawning,t,TMK,7/4/2022,spawning_pke/pko_skeena (PSF),
360885021,6969,20116,MORR,PK,spawning,t,TMK,7/4/2022,spawning_pke/pko_skeena (PSF),
360880257,0,2477,MORR,PK,spawning,t,TMK,7/4/2022,spawning_pke/pko_skeena (PSF),
360882037,0,3044,MORR,PK,spawning,t,TMK,7/4/2022,spawning_pke/pko_skeena (PSF),
360885316,34813,75157,MORR,PK,spawning,t,TMK,7/4/2022,spawning_pke/pko_skeena (PSF),
360819468,0,1872,MORR,PK,spawning,t,TMK,7/4/2022,spawning_pke/pko_skeena (PSF),
360885316,23679,25550,MORR,PK,spawning,t,TMK,7/4/2022,spawning_pke/pko_skeena (PSF),
360855860,0,1598,MORR,PK,spawning,t,TMK,7/4/2022,spawning_pke/pko_skeena (PSF),
360885316,7034,10376,MORR,PK,spawning,t,TMK,7/4/2022,spawning_pke/pko_skeena (PSF),
360886207,1451,3684,BABL,PK,spawning,t,TMK,7/4/2022,spawning_pke/pko_skeena (PSF),
360816333,0,2252,BABL,PK,spawning,t,TMK,7/4/2022,spawning_pke/pko_skeena (PSF),
360871635,0,1885,BABL,PK,spawning,t,TMK,7/4/2022,spawning_pke/pko_skeena (PSF),
360235587,0,3054,BABL,PK,spawning,t,TMK,7/4/2022,spawning_pke/pko_skeena (PSF),
360887178,0,5634,BABL,PK,spawning,t,TMK,7/4/2022,spawning_pke/pko_skeena (PSF),
360829558,0,2956,BABL,PK,spawning,t,TMK,7/4/2022,spawning_pke/pko_skeena (PSF),
360886939,0,2767,BABL,PK,spawning,t,TMK,7/4/2022,spawning_pke/pko_skeena (PSF),
360886970,109111,110754,BABL,PK,spawning,t,TMK,7/4/2022,spawning_pke/pko_skeena (PSF),
360886970,96825,98920,BABR,PK,spawning,t,TMK,7/4/2022,spawning_pke/pko_skeena (PSF),
360873189,0,4318,BABR,PK,spawning,t,TMK,7/4/2022,spawning_pke/pko_skeena (PSF),
360878699,0,1240,BABR,PK,spawning,t,TMK,7/4/2022,spawning_pke/pko_skeena (PSF),
360865574,0,480,BABR,PK,spawning,t,TMK,7/4/2022,spawning_pke/pko_skeena (PSF),
360873189,14049,16518,BABR,PK,spawning,t,TMK,7/4/2022,spawning_pke/pko_skeena (PSF),
360886614,22921,23966,BULK,PK,spawning,t,TMK,7/5/2022,spawning_pke/pko_skeena (PSF),
360860747,0,2042,BULK,PK,spawning,t,TMK,7/5/2022,spawning_pke/pko_skeena (PSF),
360854119,0,1757,BULK,PK,spawning,t,TMK,7/5/2022,spawning_pke/pko_skeena (PSF),
360886614,0,5876,BULK,PK,spawning,t,TMK,7/5/2022,spawning_pke/pko_skeena (PSF),
360851705,0,448,BULK,PK,spawning,t,TMK,7/5/2022,spawning_pke/pko_skeena (PSF),
360886043,0,737,BULK,PK,spawning,t,TMK,7/5/2022,spawning_pke/pko_skeena (PSF),
360863724,0,8879,BULK,PK,spawning,t,TMK,7/5/2022,spawning_pke/pko_skeena (PSF),
360873822,86715,164492,BULK,PK,spawning,t,TMK,7/5/2022,spawning_pke/pko_skeena (PSF),
360715518,0,1414,BULK,PK,spawning,t,TMK,7/5/2022,spawning_pke/pko_skeena (PSF),
360880400,0,1564,BULK,PK,spawning,t,TMK,7/5/2022,spawning_pke/pko_skeena (PSF),
360884191,0,27872,BULK,PK,spawning,t,TMK,7/5/2022,spawning_pke/pko_skeena (PSF),
360881863,0,3194,BULK,PK,spawning,t,TMK,7/5/2022,spawning_pke/pko_skeena (PSF),
360887296,0,2801,BULK,PK,spawning,t,TMK,7/5/2022,spawning_pke/pko_skeena (PSF),
360859802,0,2326,BULK,PK,spawning,t,TMK,7/5/2022,spawning_pke/pko_skeena (PSF),
360869489,0,2390,BULK,PK,spawning,t,TMK,7/5/2022,spawning_pke/pko_skeena (PSF),
360886221,0,4972,BULK,PK,spawning,t,TMK,7/5/2022,spawning_pke/pko_skeena (PSF),
360873822,174719,177078,BULK,PK,spawning,t,TMK,7/5/2022,spawning_pke/pko_skeena (PSF),
360868849,0,3681,KSHR,PK,spawning,t,TMK,7/5/2022,spawning_pke/pko_nass (PSF),
360755733,0,151,KSHR,PK,spawning,t,TMK,7/5/2022,spawning_pke/pko_nass (PSF),
360868206,0,1369,KSHR,PK,spawning,t,TMK,7/5/2022,spawning_pke/pko_nass (PSF),
360805384,406,862,KSHR,PK,spawning,t,TMK,7/5/2022,spawning_pke/pko_nass (PSF),
360781887,0,2992,KSHR,PK,spawning,t,TMK,7/5/2022,spawning_pke/pko_nass (PSF),
360864293,0,645,KSHR,PK,spawning,t,TMK,7/5/2022,spawning_pke/pko_nass (PSF),
360785233,0,4104,KSHR,PK,spawning,t,TMK,7/5/2022,spawning_pke/pko_nass (PSF),
360860707,0,1498,KSHR,PK,spawning,t,TMK,7/5/2022,spawning_pke/pko_nass (PSF),
360716239,0,433,KSHR,PK,spawning,t,TMK,7/5/2022,spawning_pke/pko_nass (PSF),
360882700,0,3942,KSHR,PK,spawning,t,TMK,7/5/2022,spawning_pke/pko_nass (PSF),
360877620,0,6281,KSHR,PK,spawning,t,TMK,7/5/2022,spawning_pke/pko_nass (PSF),
360829364,0,303,KSHR,PK,spawning,t,TMK,7/5/2022,spawning_pke/pko_nass (PSF),
360870442,0,1692,KSHR,PK,spawning,t,TMK,7/5/2022,spawning_pke/pko_nass (PSF),
360867921,0,1628,KSHR,PK,spawning,t,TMK,7/5/2022,spawning_pke/pko_nass (PSF),
360886670,0,1856,KSHR,PK,spawning,t,TMK,7/5/2022,spawning_pke/pko_nass (PSF),
360881469,0,4815,KSHR,PK,spawning,t,TMK,7/5/2022,spawning_pke/pko_nass (PSF),
360229162,0,141,KSHR,PK,spawning,t,TMK,7/5/2022,spawning_pke/pko_nass (PSF),
360886327,0,6425,KSHR,PK,spawning,t,TMK,7/5/2022,spawning_pke/pko_nass (PSF),
360885311,0,149,KSHR,PK,spawning,t,TMK,7/5/2022,spawning_pke/pko_nass (PSF),
360881469,9119,9293,KSHR,PK,spawning,t,TMK,7/5/2022,spawning_pke/pko_nass (PSF),
360885427,0,1783,KSHR,PK,spawning,t,TMK,7/5/2022,spawning_pke/pko_nass (PSF),
360775465,0,185,KSHR,PK,spawning,t,TMK,7/5/2022,spawning_pke/pko_nass (PSF),
360860569,0,805,KSHR,PK,spawning,t,TMK,7/5/2022,spawning_pke/pko_nass (PSF),
360227661,435,813,KSHR,PK,spawning,t,TMK,7/5/2022,spawning_pke/pko_nass (PSF),
360227663,0,585,KSHR,PK,spawning,t,TMK,7/5/2022,spawning_pke/pko_nass (PSF),
360835613,0,1465,KSHR,PK,spawning,t,TMK,7/5/2022,spawning_pke/pko_nass (PSF),
360860569,3461,5106,KSHR,PK,spawning,t,TMK,7/5/2022,spawning_pke/pko_nass (PSF),
360855342,0,774,WORC,PK,spawning,t,TMK,7/5/2022,spawning_pke/pko_nass (PSF),
360719970,0,2318,WORC,PK,spawning,t,TMK,7/5/2022,spawning_pke/pko_nass (PSF),
360840856,0,2452,WORC,PK,spawning,t,TMK,7/5/2022,spawning_pke/pko_nass (PSF),
360782399,0,1567,WORC,PK,spawning,t,TMK,7/5/2022,spawning_pke/pko_nass (PSF),
360528125,0,573,WORC,PK,spawning,t,TMK,7/5/2022,spawning_pke/pko_nass (PSF),
360846281,0,1368,WORC,PK,spawning,t,TMK,7/5/2022,spawning_pke/pko_nass (PSF),
360711936,0,1007,WORC,PK,spawning,t,TMK,7/5/2022,spawning_pke/pko_nass (PSF),
360554960,0,895,WORC,PK,spawning,t,TMK,7/5/2022,spawning_pke/pko_nass (PSF),
360296692,0,1217,WORC,PK,spawning,t,TMK,7/5/2022,spawning_pke/pko_nass (PSF),
360806184,0,708,WORC,PK,spawning,t,TMK,7/5/2022,spawning_pke/pko_nass (PSF),
360675346,0,876,WORC,PK,spawning,t,TMK,7/5/2022,spawning_pke/pko_nass (PSF),
360882263,1587,10181,WORC,PK,spawning,t,TMK,7/5/2022,spawning_pke/pko_nass (PSF),
360851835,0,3225,WORC,PK,spawning,t,TMK,7/5/2022,spawning_pke/pko_nass (PSF),
360798592,0,1815,WORC,PK,spawning,t,TMK,7/5/2022,spawning_pke/pko_nass (PSF),
360861249,0,5253,WORC,PK,spawning,t,TMK,7/5/2022,spawning_pke/pko_nass (PSF),
360883477,0,209,WORC,PK,spawning,t,TMK,7/5/2022,spawning_pke/pko_nass (PSF),
360844559,0,627,WORC,PK,spawning,t,TMK,7/5/2022,spawning_pke/pko_nass (PSF),
360826348,0,1467,WORC,PK,spawning,t,TMK,7/5/2022,spawning_pke/pko_nass (PSF),
360870007,433,3731,WORC,PK,spawning,t,TMK,7/5/2022,spawning_pke/pko_nass (PSF),
360819971,0,774,WORC,PK,spawning,t,TMK,7/5/2022,spawning_pke/pko_nass (PSF),
360885211,0,8348,WORC,PK,spawning,t,TMK,7/5/2022,spawning_pke/pko_nass (PSF),
360836306,0,231,WORC,PK,spawning,t,TMK,7/5/2022,spawning_pke/pko_nass (PSF),
360869864,0,1831,WORC,PK,spawning,t,TMK,7/5/2022,spawning_pke/pko_nass (PSF),
360878219,0,1151,WORC,PK,spawning,t,TMK,7/5/2022,spawning_pke/pko_nass (PSF),
360773542,0,326,WORC,PK,spawning,t,TMK,7/5/2022,spawning_pke/pko_nass (PSF),
360870041,0,1435,WORC,PK,spawning,t,TMK,7/5/2022,spawning_pke/pko_nass (PSF),
360864841,0,825,WORC,PK,spawning,t,TMK,7/5/2022,spawning_pke/pko_nass (PSF),
360880075,7994,14175,LNAR,PK,spawning,t,TMK,7/5/2022,spawning_pke/pko_nass (PSF),
360874630,5250,6271,LNAR,PK,spawning,t,TMK,7/5/2022,spawning_pke/pko_nass (PSF),
360859160,4294,5246,LNAR,PK,spawning,t,TMK,7/5/2022,spawning_pke/pko_nass (PSF),
360883950,3673,4060,LNAR,PK,spawning,t,TMK,7/5/2022,spawning_pke/pko_nass (PSF),
360877679,1413,6758,LNAR,PK,spawning,t,TMK,7/5/2022,spawning_pke/pko_nass (PSF),
360880780,0,23586,LNAR,PK,spawning,t,TMK,7/5/2022,spawning_pke/pko_nass (PSF),
360810915,0,3345,LNAR,PK,spawning,t,TMK,7/5/2022,spawning_pke/pko_nass (PSF),
360858166,0,247,LNAR,PK,spawning,t,TMK,7/5/2022,spawning_pke/pko_nass (PSF),
360860605,0,4664,LNAR,PK,spawning,t,TMK,7/5/2022,spawning_pke/pko_nass (PSF),
360836218,0,2461,LNAR,PK,spawning,t,TMK,7/5/2022,spawning_pke/pko_nass (PSF),
360844571,3487,26451,LNAR,PK,spawning,t,TMK,7/5/2022,spawning_pke/pko_nass (PSF),
360219589,0,1988,LNAR,PK,spawning,t,TMK,7/5/2022,spawning_pke/pko_nass (PSF),
360866765,0,4732,LNAR,PK,spawning,t,TMK,7/5/2022,spawning_pke/pko_nass (PSF),
360844604,0,2310,LNAR,PK,spawning,t,TMK,7/5/2022,spawning_pke/pko_nass (PSF),
360884999,382,2302,LNAR,PK,spawning,t,TMK,7/5/2022,spawning_pke/pko_nass (PSF),
360826287,0,1282,LNAR,PK,spawning,t,TMK,7/5/2022,spawning_pke/pko_nass (PSF),
360228841,2166,3622,LNAR,PK,spawning,t,TMK,7/5/2022,spawning_pke/pko_nass (PSF),
360218614,11159,14786,LNAR,PK,spawning,t,TMK,7/5/2022,spawning_pke/pko_nass (PSF),
360812410,330,600,LNAR,PK,spawning,t,TMK,7/5/2022,spawning_pke/pko_nass (PSF),
360875182,0,1900,LNAR,PK,spawning,t,TMK,7/5/2022,spawning_pke/pko_nass (PSF),
360221666,177,2147,LNAR,PK,spawning,t,TMK,7/5/2022,spawning_pke/pko_nass (PSF),
360886277,0,8349,LNAR,PK,spawning,t,TMK,7/5/2022,spawning_pke/pko_nass (PSF),
360879589,0,2821,LNAR,PK,spawning,t,TMK,7/5/2022,spawning_pke/pko_nass (PSF),
360883219,0,2133,LNAR,PK,spawning,t,TMK,7/5/2022,spawning_pke/pko_nass (PSF),
360879272,0,3430,LNAR,PK,spawning,t,TMK,7/5/2022,spawning_pke/pko_nass (PSF),
360237560,272,384,LNAR,PK,spawning,t,TMK,7/5/2022,spawning_pke/pko_nass (PSF),
360885393,0,56,LNAR,PK,spawning,t,TMK,7/5/2022,spawning_pke/pko_nass (PSF),
360885393,94,1363,LNAR,PK,spawning,t,TMK,7/5/2022,spawning_pke/pko_nass (PSF),
