modelled_crossing_id,watershed_group_code,reviewer,structure,notes
101833,ADMS,PK,bridge,
102295,ADMS,PK,bridge,
100151,ADMS,PK,bridge,
100553,ADMS,PK,,no road
601026,BABR,OB,,no road
600318,BABR,OB,,no road
600468,BABR,OB,bridge,
600849,BABR,OB,bridge,
600645,BABR,OB,bridge,
600637,BABR,OB,bridge,
600801,BABR,OB,bridge,
600827,BABR,OB,bridge,
600371,BABR,OB,bridge,
600370,BABR,OB,bridge,
600379,BABR,OB,bridge,
600387,BABR,OB,bridge,
600712,BABR,OB,OBS,
600798,BABR,OB,OBS,
600459,BABR,OB,,no road
600564,BABR,OB,,no road
600557,BABR,OB,,no road
601064,BABR,OB,,no road
601073,BABR,OB,,no road
601026,BABR,OB,,no road
802636,BBAR,OB,,no crossing
801533,BBAR,OB,,no crossing
800528,BBAR,OB,bridge,
802542,BBAR,OB,bridge,
802738,BBAR,OB,OBS,
1201681,BLAR,AL,bridge,
1200551,BLAR,AL,,no road
1202744,BLAR,AL,,no road
1201711,BLAR,AL,,no road
1202200,BLAR,AL,,no road
1202271,BLAR,AL,,no road
1202270,BLAR,AL,,no road
1201321,BLAR,AL,bridge,
1201643,BLAR,AL,bridge,
1201926,BLAR,AL,bridge,
1201555,BLAR,AL,bridge,
1201561,BLAR,AL,bridge,
1201966,BLAR,AL,bridge,
1200369,BLAR,AL,,no crossing
1202206,BLAR,AL,bridge,
1202207,BLAR,AL,bridge,
1200516,BLAR,AL,,no crossing
1201707,BLAR,AL,bridge,
1200924,BLAR,AL,,no crossing
1200926,BLAR,AL,,no crossing
1200069,BLAR,AL,,no crossing
1501337,BOWR,AL,,no road
1501338,BOWR,AL,,no road
1502807,BOWR,AL,bridge,
1501882,BOWR,AL,,no road
1500666,BOWR,AL,,no road
1502083,BOWR,AL,,no crossing
1502410,BOWR,AL,bridge,
1500050,BOWR,AL,,no crossing
2301274,CARR,PK,,no crossing
2301417,CARR,PK,,no crossing
2301418,CARR,PK,bridge,
2300203,CARR,PK,,no road
2300602,CARR,PK,,no road
2300641,CARR,PK,,no crossing
3100138,CLWR,PK,bridge,
3100666,CLWR,PK,bridge,
3400078,COMX,AL,bridge,
3400192,COMX,AL,bridge,
3403172,COMX,AL,bridge,
3403173,COMX,AL,bridge,
3400765,COMX,AL,bridge,
3400762,COMX,AL,bridge,
3400756,COMX,AL,,no crossing
3400311,COMX,AL,,no road
3403490,COMX,AL,bridge,
3403564,COMX,AL,bridge,
3403156,COMX,AL,bridge,
3402474,COMX,AL,bridge,
3400367,COMX,AL,bridge,
3402462,COMX,AL,,no road
3402463,COMX,AL,,no road
3402369,COMX,AL,bridge,
3403318,COMX,AL,bridge,
3501798,COTR,AL,,no road
3502315,COTR,AL,,no road
3500337,COTR,AL,,no road
3503057,COTR,AL,,no road
3503116,COTR,AL,,no road
3502883,COTR,AL,,no road
3502968,COTR,AL,,no road
3501148,COTR,AL,,no road
3501623,COTR,AL,,no road
3506390,COTR,AL,,no road
3506389,COTR,AL,,no road
3501037,COTR,AL,bridge,
3504354,COTR,AL,bridge,
3503936,COTR,AL,bridge,
3503935,COTR,AL,bridge,
3504860,COTR,AL,bridge,
3505634,COTR,AL,bridge,
3505819,COTR,AL,obs,
3605388,COWN,AL,bridge,
3606095,COWN,AL,bridge,
3605732,COWN,AL,bridge,
3603038,COWN,AL,,no road
3900006,DEAD,AL,bridge,
3900134,DEAD,AL,bridge,
4200866,DOGC,OB,,no road
4201920,DOGC,OB,,no road
4200249,DOGC,OB,,no road
4200300,DOGC,OB,,no road
4200299,DOGC,OB,,no road
4201715,DOGC,OB,bridge,
4200247,DOGC,OB,,no crossing
4800388,EUCL,AL,bridge,
4800090,EUCL,AL,bridge,
4800187,EUCL,AL,,no crossing
4800132,EUCL,AL,,no crossing
4800290,EUCL,AL,,no crossing
4800041,EUCL,AL,bridge,
4800058,EUCL,AL,,no crossing
4800030,EUCL,AL,,no crossing
4800045,EUCL,AL,,no crossing
4800017,EUCL,AL,,no crossing
4800077,EUCL,AL,,no road
4800149,EUCL,AL,,no crossing
4800038,EUCL,AL,,no crossing
5501183,FRCN,OB,bridge,
5503838,FRCN,OB,bridge,
5502939,FRCN,OB,bridge,
5506116,FRCN,OB,bridge,
5500089,FRCN,OB,bridge,
5501082,FRCN,OB,bridge,
5506065,FRCN,OB,bridge,
5500066,FRCN,OB,bridge,
5500401,FRCN,OB,bridge,
5501022,FRCN,OB,bridge,
5506497,FRCN,OB,bridge,
5504314,FRCN,OB,bridge,
5505476,FRCN,OB,bridge,
5502058,FRCN,OB,,no road
5506456,FRCN,OB,,no road
5503326,FRCN,OB,,no road
5503321,FRCN,OB,,no road
5503339,FRCN,OB,,no road
5501023,FRCN,OB,,no road
5501172,FRCN,OB,,no road
5504362,FRCN,OB,,no crossing
5501740,FRCN,OB,,no structure
5504379,FRCN,OB,,no structure
5505342,FRCN,OB,,no structure
5505346,FRCN,OB,,no structure
5800047,GLAR,PK,,no structure
6201657,GUIC,AL,bridge,
6201689,GUIC,AL,bridge,
6303589,HARR,OB,,no road
6301885,HARR,OB,,no road
6301568,HARR,OB,,no road
6300919,HARR,OB,,no structure
6301134,HARR,OB,OBS,
6303601,HARR,OB,bridge,
6303105,HARR,OB,bridge,
6303626,HARR,OB,bridge,
6300064,HARR,OB,bridge,
6300078,HARR,OB,bridge,
6300171,HARR,OB,bridge,
6300264,HARR,OB,bridge,
6500638,HERR,PK,bridge,
6500060,HERR,PK,,no road
6500260,HERR,PK,,no road
6700720,HOMA,OB,bridge,
6700590,HOMA,OB,bridge,
6701602,HOMA,OB,,no structure
6700295,HOMA,OB,,no road
8000345,KHTZ,PK,,no road
8000363,KHTZ,PK,,no crossing
8000584,KHTZ,PK,,no crossing
8000151,KHTZ,PK,bridge,
8501529,KITR,OB,,no road
8501569,KITR,OB,,no road
8500689,KITR,OB,,no road
8500956,KITR,OB,,no road
8500311,KITR,OB,,no road
8501045,KITR,OB,,no road
8500378,KITR,OB,,no structure
8501468,KITR,OB,bridge,
8501451,KITR,OB,bridge,
8501715,KITR,OB,bridge,
8701221,KLIN,AL,bridge,
8700854,KLIN,AL,bridge,
9200120,KSHR,PK,,no crossing
9200073,KSHR,PK,bridge,
9200219,KSHR,PK,bridge,
9300007,KTSU,PK,,no crossing
9400025,KUMR,PK,bridge,
10001958,LCHR,AL,,no crossing
10002077,LCHR,AL,bridge,
10300368,LFRA,AL,bridge,
10300641,LFRA,AL,bridge,
10300689,LFRA,AL,bridge,
10303079,LFRA,AL,bridge,
10300466,LFRA,AL,bridge,
10300638,LFRA,AL,bridge,
10701107,LILL,OB,,no road
10700202,LILL,OB,,no road
10701045,LILL,OB,,no road
10700203,LILL,OB,,no road
10701032,LILL,OB,,no road
10700178,LILL,OB,,no road
10700800,LILL,OB,,no road
10700250,LILL,OB,,no road
10701313,LILL,OB,,no crossing
10702237,LILL,OB,bridge,
10703125,LILL,OB,bridge,
10702840,LILL,OB,bridge,
10702283,LILL,OB,bridge,
10702639,LILL,OB,bridge,
10700213,LILL,OB,bridge,
10700265,LILL,OB,,
10700850,LILL,OB,,no structure
11201184,LNAR,OB,bridge,
11200465,LNAR,OB,bridge,
11200780,LNAR,OB,bridge,
11200995,LNAR,OB,bridge,
11200073,LNAR,OB,OBS,
11200302,LNAR,OB,,no road
11200530,LNAR,OB,,no road
11200147,LNAR,OB,,no road
11200257,LNAR,OB,,no road
11200333,LNAR,OB,,no road
11509136,LNTH,AL,bridge,
11508230,LNTH,AL,bridge,
11507102,LNTH,AL,bridge,
11501488,LNTH,AL,bridge,
11504167,LNTH,AL,bridge,
11506266,LNTH,AL,bridge,
11507054,LNTH,AL,bridge,
11508009,LNTH,AL,,no crossing
11508419,LNTH,AL,bridge,
11506420,LNTH,AL,bridge,
11507495,LNTH,AL,bridge,
11501706,LNTH,AL,,no road
11507565,LNTH,AL,bridge,
11501707,LNTH,AL,,no road
11501086,LNTH,AL,,no crossing
11502428,LNTH,AL,,no crossing
12601052,LTRE,AL,bridge,
12601160,LTRE,AL,bridge,
12600942,LTRE,AL,bridge,
12600978,LTRE,AL,,no road
12600830,LTRE,AL,bridge,
12601343,LTRE,AL,bridge,
12600060,LTRE,AL,,no road
12600059,LTRE,AL,,no road
12600252,LTRE,AL,,no road
12600253,LTRE,AL,,no road
12600251,LTRE,AL,,no road
13501137,MIDR,AL,bridge,
13501048,MIDR,AL,bridge,
13500026,MIDR,AL,,no road
13501106,MIDR,AL,bridge,
13501095,MIDR,AL,bridge,
13500966,MIDR,AL,bridge,
13500797,MIDR,AL,bridge,
13500848,MIDR,AL,bridge,
13500944,MIDR,AL,bridge,
13800320,MORI,OB,,no crossing
13800318,MORI,OB,,no crossing
13801031,MORI,OB,,no crossing
13802341,MORI,OB,,no crossing
13800160,MORI,OB,,no road
13800550,MORI,OB,,no road
13800859,MORI,OB,,no road
13800857,MORI,OB,,no road
13800203,MORI,OB,,no road
13801637,MORI,OB,,no road
13801206,MORI,OB,,no road
13801364,MORI,OB,bridge,
13801851,MORI,OB,bridge,
13801407,MORI,OB,bridge,
13801344,MORI,OB,bridge,
13801941,MORI,OB,bridge,
13802159,MORI,OB,bridge,
13801398,MORI,OB,bridge,
13801225,MORI,OB,bridge,
13802147,MORI,OB,bridge,
13802148,MORI,OB,bridge,
13801842,MORI,OB,bridge,
13904582,MORK,AL,,no crossing
13905765,MORK,AL,,no road
13904346,MORK,AL,,no crossing
13904381,MORK,AL,,no crossing
13904563,MORK,AL,,no crossing
13902525,MORK,AL,,no crossing
13904258,MORK,AL,bridge,
13905779,MORK,AL,,no road
13904224,MORK,AL,,no crossing
13902478,MORK,AL,bridge,
13901260,MORK,AL,,no crossing
13904035,MORK,AL,,no crossing
13900257,MORK,AL,bridge,
13901240,MORK,AL,bridge,
13901316,MORK,AL,,no road
13904922,MORK,AL,bridge,
13900681,MORK,AL,,no crossing
13902649,MORK,AL,,no crossing
13902083,MORK,AL,,no crossing
13902037,MORK,AL,,no road
13905125,MORK,AL,bridge,
13905269,MORK,AL,bridge,
13901696,MORK,AL,,no road
13900032,MORK,AL,bridge,
14200013,MSKE,PK,,no road
14200251,MSKE,PK,bridge,
14300254,MSTR,OB,,no road
14300227,MSTR,OB,,no road
14300237,MSTR,OB,,no road
14300189,MSTR,OB,,no road
14300327,MSTR,OB,,no road
14300237,MSTR,OB,,no road
14300414,MSTR,OB,,no road
14300114,MSTR,OB,,no road
14300215,MSTR,OB,,no structure
14300284,MSTR,OB,,no structure
14300419,MSTR,OB,,no structure
14300264,MSTR,OB,,no structure
14300257,MSTR,OB,,no structure
14300000,MSTR,OB,bridge,
14300077,MSTR,OB,bridge,
14300343,MSTR,OB,,no crossing
14300335,MSTR,OB,,no crossing
14901261,NARC,AL,,no road
14900484,NARC,AL,,no road
14900759,NARC,AL,,no road
14901692,NARC,AL,,no road
14901717,NARC,AL,,no crossing
15602783,NECR,AL,,no road
15601615,NECR,AL,,no road
15601504,NECR,AL,,no road
15602287,NECR,AL,,no road
15602708,NECR,AL,,no road
15602108,NECR,AL,,no road
15604196,NECR,AL,,no road
15603292,NECR,AL,,no road
15601039,NECR,AL,,no crossing
15600081,NECR,AL,bridge,
15600143,NECR,AL,bridge,
17000064,PORI,PK,bridge,
17102143,QUES,AL,,no road
17101852,QUES,AL,,no road
17104260,QUES,AL,,no road
17101769,QUES,AL,,no road
17101862,QUES,AL,,no road
17101242,QUES,AL,,no road
17102076,QUES,AL,,no road
17102143,QUES,AL,,no road
17101551,QUES,AL,,no crossing
17101680,QUES,AL,,no crossing
17100303,QUES,AL,bridge,
17103780,QUES,AL,bridge,
17103994,QUES,AL,bridge,
17103995,QUES,AL,bridge,
17103355,QUES,AL,bridge,
17103354,QUES,AL,bridge,
17103349,QUES,AL,bridge,
17103617,QUES,AL,bridge,
17806000,SANJ,OB,,no structure
1605,SANJ,OB,,no structure
17805591,SANJ,OB,,no crossing
17805777,SANJ,OB,,no crossing
17802400,SANJ,OB,,no crossing
17804545,SANJ,OB,,no crossing
17801332,SANJ,OB,,no road
17801299,SANJ,OB,,no road
17801349,SANJ,OB,,no road
17800711,SANJ,OB,,no road
17800311,SANJ,OB,,no road
17804794,SANJ,OB,,no road
17806586,SANJ,OB,OBS,
17808345,SANJ,OB,bridge,
17805521,SANJ,OB,bridge,
17806587,SANJ,OB,bridge,
17805417,SANJ,OB,bridge,
17805443,SANJ,OB,bridge,
17808851,SANJ,OB,bridge,
17801374,SANJ,OB,bridge,
17807320,SANJ,OB,bridge,
17807813,SANJ,OB,bridge,
17808866,SANJ,OB,bridge,
18002366,SEYM,OB,,no road
18000248,SEYM,OB,,no road
18000216,SEYM,OB,,no road
18000168,SEYM,OB,,no road
18001308,SEYM,OB,,no road
18002815,SEYM,OB,,no road
385,SEYM,OB,,no structure
18002527,SEYM,OB,,no structure
18000886,SEYM,OB,bridge,
18001895,SEYM,OB,bridge,
18001549,SEYM,OB,bridge,
18002083,SEYM,OB,,no crossing
18002471,SEYM,OB,OBS,
18001170,SEYM,OB,OBS,
18001158,SEYM,OB,OBS,
18000620,SEYM,OB,OBS,
19102974,STHM,AL,bridge,
19102988,STHM,AL,,no road
19104909,STHM,AL,bridge,
19102725,STHM,AL,,no road
19102958,STHM,AL,,no road
19103272,STHM,AL,bridge,
19102756,STHM,AL,,no road
19103274,STHM,AL,bridge,
19101752,STHM,AL,,no road
19103305,STHM,AL,bridge,
19102203,STHM,AL,,no road
19103227,STHM,AL,,no road
19600061,SWIR,PK,OBS,
20000238,TAKL,AL,bridge,
20001265,TAKL,AL,bridge,
20001275,TAKL,AL,bridge,
20000000,TAKL,AL,bridge,
20001854,TAKL,AL,,no crossing
20001706,TAKL,AL,,no crossing
20001309,TAKL,AL,,no road
20001698,TAKL,AL,,no road
20001834,TAKL,AL,,no road
20001699,TAKL,AL,,no road
20000776,TAKL,AL,bridge,
20000195,TAKL,AL,,no road
20000453,TAKL,AL,bridge,
20000428,TAKL,AL,bridge,
20000435,TAKL,AL,bridge,
20000429,TAKL,AL,bridge,
20000943,TAKL,AL,,no crossing
20000496,TAKL,AL,bridge,
20000971,TAKL,AL,bridge,
20000941,TAKL,AL,bridge,
20001660,TAKL,AL,,no road
20001659,TAKL,AL,,no road
20000711,TAKL,AL,bridge,
20000349,TAKL,AL,bridge,
20001828,TAKL,AL,,no road
20001373,TAKL,AL,bridge,
20001172,TAKL,AL,,no road
20001201,TAKL,AL,,
20001718,TAKL,AL,,no road
20500653,THOM,PK,bridge,
20501377,THOM,PK,,no crossing
20506360,THOM,PK,bridge,
20900350,TSAY,PK,bridge,
20900090,TSAY,PK,,no road
20900034,TSAY,PK,bridge,
21501289,TWAC,AL,,no road
21500636,TWAC,AL,bridge,
21502186,TWAC,AL,bridge,
24000139,USKE,PK,,no road
17500143,,SN,bridge,
1400107,,SN,bridge,
5400211,,SN,bridge,
21900684,,SN,bridge,
21901328,,SN,,historic channel
21900764,,SN,,historic channel
21900760,,SN,,historic channel
21901160,,SN,bridge,
21901159,,SN,bridge,equivalent to 21901160
2500039,,SN,,no road
15300442,,SN,,no crossing
15300470,,SN,,no structure/road
15300471,,SN,,no structure/road
2500038,,SN,bridge,
19401338,,SN,,no structure
1805530,,SN,bridge,
1801088,,SN,,no structure
6800547,,SN,,no structure
6800523,,SN,OBS,
6800313,,SN,bridge,
6800207,,SN,,no road
6800186,,SN,bridge,
6800181,,SN,bridge,
6800513,,SN,bridge,
6800509,,SN,bridge,
6802146,,SN,bridge,
2400259,,SN,,no road
2400265,,SN,,no road
19300295,,SN,,no structure
19300546,,SN,bridge,
19300993,,SN,OBS,
4700107,,SN,,no road
4700160,,SN,bridge,
11304238,,SN,bridge,
11305254,,SN,bridge,duplicate road
11303979,,SN,bridge,
11301020,,SN,,no structure
11303905,,SN,,no crossing
24402297,,SN,bridge,
24402294,,SN,bridge,
19703578,,SN,,no crossing
19701104,,SN,bridge,
19703054,,SN,bridge,
19703431,,SN,,no road
12201496,,SN,,no structure
12200773,,SN,,no structure
12200461,,SN,,no road
12200482,,SN,,no road
12200481,,SN,,no road
503341,BABL,NMW,bridge,
500623,BABL,NMW,,no road/structure
500624,BABL,NMW,,no road/structure
501268,BABL,NMW,,second opinion
503611,BABL,NMW,bridge,
500808,BABL,NMW,,no road/structure
502726,BABL,NMW,bridge,
504214,BABL,NMW,,no road/structure
500499,BABL,NMW,,no road/structure
502449,BABL,NMW,,no road/structure
500646,BABL,NMW,,no road/structure
502595,BABL,NMW,bridge,
503204,BABL,NMW,bridge,
504327,BABL,NMW,,no road/structure
502789,BABL,NMW,bridge,
502786,BABL,NMW,bridge,
502170,BABL,NMW,bridge,
503887,BABL,NMW,bridge,
502159,BABL,NMW,bridge,
502187,BABL,NMW,bridge,
502157,BABL,NMW,bridge,
502182,BABL,NMW,bridge,
503588,BABL,NMW,,no road/structure
500555,BABL,NMW,,no road/structure
502711,BABL,NMW,bridge,
502713,BABL,NMW,bridge,
502975,BABL,NMW,bridge,
502716,BABL,NMW,bridge,
504224,BABL,NMW,,no road/structure
501692,BABL,NMW,bridge,
1804825,BULK,NMW,bridge,
1802180,BULK,NMW,,no road/structure
1803306,BULK,NMW,bridge,
1801613,BULK,NMW,,no road/structure
1801590,BULK,NMW,,no road/structure
1805155,BULK,NMW,bridge,
1805158,BULK,NMW,bridge,
1801559,BULK,NMW,,no road/structure
1803235,BULK,NMW,,no road/structure
1805227,BULK,NMW,bridge,
1805214,BULK,NMW,bridge,
1800334,BULK,NMW,bridge,
1805771,BULK,NMW,bridge,
1802430,BULK,NMW,,no road/structure
1805804,BULK,NMW,bridge,
1804233,BULK,NMW,bridge,
1801895,BULK,NMW,,no road/structure
1803021,BULK,NMW,,no road/structure
1802980,BULK,NMW,,no road/structure
1803970,BULK,NMW,bridge,
1803384,BULK,NMW,,no road/structure
1805991,BULK,NMW,bridge,
1802475,BULK,NMW,,no road/structure
1801041,BULK,NMW,,no road/structure
1803821,BULK,NMW,bridge,
1805092,BULK,NMW,,no road/structure
1805091,BULK,NMW,,no road/structure
1801208,BULK,NMW,bridge,
1804174,BULK,NMW,bridge,
1804851,BULK,NMW,bridge,
1801067,BULK,NMW,bridge,
1800661,BULK,NMW,,no road/structure
1804543,BULK,NMW,bridge,
1803830,BULK,NMW,,no road/structure
1804950,BULK,NMW,bridge,
1803651,BULK,NMW,bridge,
1801156,BULK,NMW,,no road/structure
1801925,BULK,NMW,,no road/structure
1801167,BULK,NMW,,no road/structure
1805595,BULK,NMW,bridge,
1805593,BULK,NMW,bridge,
1804238,BULK,NMW,bridge,
1801858,BULK,NMW,,no road/structure
1804145,BULK,NMW,bridge,
1801847,BULK,NMW,,no road/structure
1803709,BULK,NMW,bridge,
1804698,BULK,NMW,bridge,
1803588,BULK,NMW,bridge,
5400155,FRAN,NMW,,no road/structure
5400156,FRAN,NMW,,no road/structure
5403476,FRAN,NMW,,no road/structure
5405112,FRAN,NMW,bridge,
5400685,FRAN,NMW,,no road/structure
5405113,FRAN,NMW,bridge,
5403981,FRAN,NMW,bridge,
5406332,FRAN,NMW,,no road/structure
5400050,FRAN,NMW,bridge,
5402039,FRAN,NMW,,no road/structure
5405181,FRAN,NMW,bridge,
5400530,FRAN,NMW,,no road/structure
5404687,FRAN,NMW,bridge,
5405717,FRAN,NMW,bridge,
5405709,FRAN,NMW,bridge,
5400504,FRAN,NMW,bridge,
5400307,FRAN,NMW,bridge,
5402408,FRAN,NMW,,no road/structure
5402533,FRAN,NMW,,no road/structure
5400936,FRAN,NMW,,no road/structure
5404964,FRAN,NMW,bridge,
5400926,FRAN,NMW,,no road/structure
5405972,FRAN,NMW,,no road/structure
5402580,FRAN,NMW,,no road/structure
5405923,FRAN,NMW,bridge,
5403707,FRAN,NMW,bridge,
5401132,FRAN,NMW,,no road/structure
5402152,FRAN,NMW,,no road/structure
5402166,FRAN,NMW,bridge,
5402892,FRAN,NMW,bridge,
5406090,FRAN,NMW,bridge,
5406110,FRAN,NMW,bridge,
5404642,FRAN,NMW,bridge,
5402452,FRAN,NMW,,no road/structure
5405329,FRAN,NMW,bridge,
5402658,FRAN,NMW,,no road/structure
5400732,FRAN,NMW,,no road/structure
5404114,FRAN,NMW,bridge,
5404047,FRAN,NMW,bridge,
5404034,FRAN,NMW,bridge,
5405933,FRAN,NMW,bridge,
5406163,FRAN,NMW,bridge,
5406200,FRAN,NMW,bridge,
5401281,FRAN,NMW,bridge,
11303038,LNIC,NMW,,no road/structure
11305019,LNIC,NMW,,no road/structure
11305886,LNIC,NMW,,no road/structure
11303021,LNIC,NMW,,no road/structure
11303028,LNIC,NMW,,no road/structure
11305686,LNIC,NMW,bridge,
11301452,LNIC,NMW,bridge,
11300867,LNIC,NMW,bridge,
11303992,LNIC,NMW,,no road/structure
11301008,LNIC,NMW,,no road/structure
11305451,LNIC,NMW,bridge,
17104409,QUES,NMW,,no road/structure
17104408,QUES,NMW,,no road/structure
17104181,QUES,NMW,,no road/structure
17104295,QUES,NMW,,no road/structure
17102981,QUES,NMW,bridge,
3503077,COTR,NMW,,no road/structure
3503148,COTR,NMW,,no road/structure
3506628,COTR,NMW,bridge,
3500938,COTR,NMW,,no road/structure
3504348,COTR,NMW,bridge,
3501049,COTR,NMW,bridge,
3501872,COTR,NMW,,no road/structure
3503362,COTR,NMW,,no road/structure
3502411,COTR,NMW,,no road/structure
3502426,COTR,NMW,,no road/structure
3505184,COTR,NMW,bridge,
3504729,COTR,NMW,bridge,
3504796,COTR,NMW,,no road/structure
3502060,COTR,NMW,,no road/structure
3502050,COTR,NMW,,no road/structure
3500213,COTR,NMW,bridge,
3501016,COTR,NMW,bridge,
3501015,COTR,NMW,,no road/structure
3501041,COTR,NMW,,no road/structure
3500997,COTR,NMW,,no road/structure
3502316,COTR,NMW,,no road/structure
3504485,COTR,NMW,bridge,
3500690,COTR,NMW,,no road/structure
3506023,COTR,NMW,bridge,
3504549,COTR,NMW,bridge,
6200551,GUIC,NMW,,no road/structure
9900258,LCHL,NMW,bridge,
9903384,LCHL,NMW,bridge,
9903961,LCHL,NMW,bridge,
9905001,LCHL,NMW,,no road/structure
9900601,LCHL,NMW,bridge,
9900511,LCHL,NMW,,no road/structure
9900584,LCHL,NMW,,no road/structure
9903569,LCHL,NMW,bridge,
9900634,LCHL,NMW,,no road/structure
9900854,LCHL,NMW,,no road/structure
9901206,LCHL,NMW,,no road/structure
9900467,LCHL,NMW,bridge,
9904673,LCHL,NMW,,no road/structure
9903518,LCHL,NMW,bridge,
9902062,LCHL,NMW,,no road/structure
9902033,LCHL,NMW,,no road/structure
9902020,LCHL,NMW,,no road/structure
9901748,LCHL,NMW,,no road/structure
6800051,HORS,NMW,bridge,
6800279,HORS,NMW,,no road/structure
6800370,HORS,NMW,,no road/structure
6801297,HORS,NMW,,no road/structure
6800445,HORS,NMW,,no road/structure
6801959,HORS,NMW,bridge,
6800543,HORS,NMW,bridge,
6800143,HORS,NMW,,no road/structure
6800300,HORS,NMW,,no road/structure
6800058,HORS,NMW,,no road/structure
6800118,HORS,NMW,,no road/structure
6801256,HORS,NMW,,no road/structure
6801945,HORS,NMW,,no road/structure
6800587,HORS,NMW,,no road/structure
6802292,HORS,NMW,bridge,
6802272,HORS,NMW,bridge,
6801574,HORS,NMW,bridge,
6801104,HORS,NMW,bridge,
6801306,HORS,NMW,,no road/structure
1402869,BONP,NMW,bridge,
1402216,BONP,NMW,,no road/structure
1402246,BONP,NMW,bridge,
1402866,BONP,NMW,,no road/structure
1400183,BONP,NMW,bridge,
1400300,BONP,NMW,,no road/structure
1404365,BONP,NMW,,no road/structure
1404823,BONP,NMW,bridge,
1401942,BONP,NMW,bridge,
1402825,BONP,NMW,,no road/structure
1402798,BONP,NMW,,no road/structure
1404790,BONP,NMW,,no road/structure
1403134,BONP,NMW,,no road/structure
1404049,BONP,NMW,bridge,
1403674,BONP,NMW,,no road/structure
21900023,UCHR,NMW,,no road/structure
21901293,UCHR,NMW,,no road/structure
21900011,UCHR,NMW,bridge,
21900219,UCHR,NMW,,no road/structure
21900317,UCHR,NMW,,no road/structure
21900437,UCHR,NMW,bridge,
21901834,UCHR,NMW,bridge,
21900506,UCHR,NMW,,no road/structure
21900495,UCHR,NMW,,no road/structure
21900401,UCHR,NMW,bridge,
21900489,UCHR,NMW,,no road/structure
21900536,UCHR,NMW,,no road/structure
21900505,UCHR,NMW,,no road/structure
21901063,UCHR,NMW,,no road/structure
21901986,UCHR,NMW,bridge,
21900103,UCHR,NMW,,no road/structure
21900499,UCHR,NMW,,no road/structure
21900500,UCHR,NMW,,no road/structure
21900530,UCHR,NMW,,no road/structure
21901341,UCHR,NMW,,no road/structure
21900145,UCHR,NMW,,no road/structure
21900617,UCHR,NMW,,no road/structure
21900611,UCHR,NMW,,no road/structure
21901260,UCHR,NMW,,no road/structure
21901960,UCHR,NMW,bridge,
21901962,UCHR,NMW,bridge,
21900577,UCHR,NMW,,no road/structure
16112844,OKAN,NMW,,no road/structure
16104828,OKAN,NMW,bridge,
16103401,OKAN,NMW,,no road/structure
16106874,OKAN,NMW,,no road/structure
15606190,NECR,NMW,,no road/structure
15605929,NECR,NMW,,no road/structure
15602634,NECR,NMW,,no road/structure
15602628,NECR,NMW,bridge,
15602194,NECR,NMW,,no road/structure
15602103,NECR,NMW,,no road/structure
15602169,NECR,NMW,,no road/structure
15602201,NECR,NMW,,no road/structure
15600161,NECR,NMW,bridge,
15602498,NECR,NMW,bridge,
15600398,NECR,NMW,bridge,
15600577,NECR,NMW,bridge,
15601467,NECR,NMW,,no road/structure
15601492,NECR,NMW,,no road/structure
15604253,NECR,NMW,bridge,
15605480,NECR,NMW,,no road/structure
15605256,NECR,NMW,,no road/structure
206309,ALBN,OB,bridge,
205615,ALBN,OB,bridge,
201772,ALBN,OB,bridge,
202405,ALBN,OB,bridge,
200080,ALBN,OB,bridge,
200073,ALBN,OB,bridge,
206263,ALBN,OB,bridge,
202554,ALBN,OB,bridge,
202812,ALBN,OB,bridge,
205297,ALBN,OB,bridge,
203655,ALBN,OB,bridge,
204059,ALBN,OB,bridge,
204057,ALBN,OB,bridge,
205052,ALBN,OB,bridge,
205157,ALBN,OB,bridge,
201921,ALBN,OB,,no road/structure
201927,ALBN,OB,,no road/structure
201921,ALBN,OB,,no road/structure
201136,ALBN,OB,,no road/structure
205382,ALBN,OB,,no road/structure
201160,ALBN,OB,,no road/structure
203158,ALBN,OB,,no road/structure
200223,ALBN,OB,,no road/structure
203306,ALBN,OB,,no road/structure
200223,ALBN,OB,,no road/structure
206560,ALBN,OB,,no road/structure
200772,ALBN,OB,,no road/structure
200141,ALBN,OB,,no road/structure
205573,ALBN,OB,,no road/structure
3605481,COWN,OB,bridge,
3605809,COWN,OB,bridge,
3605474,COWN,OB,bridge,
3605720,COWN,OB,bridge,
3603261,COWN,OB,bridge,
3600026,COWN,OB,bridge,
3600265,COWN,OB,bridge,
3606064,COWN,OB,bridge,
3600159,COWN,OB,bridge,
3604896,COWN,OB,,no road/structure
3602963,COWN,OB,,no road/structure
3605765,COWN,OB,,no road/structure
3603113,COWN,OB,,no road/structure
3601388,COWN,OB,,no road/structure
3605125,COWN,OB,,no road/structure
3606840,COWN,OB,,no road/structure
3605474,COWN,OB,,no road/structure
14000450,MORR,OB,bridge,
14000451,MORR,OB,bridge,
14001721,MORR,OB,bridge,
14001163,MORR,OB,bridge,
14000541,MORR,OB,bridge,
14000508,MORR,OB,bridge,
14000937,MORR,OB,bridge,
14000733,MORR,OB,bridge,
14000725,MORR,OB,bridge,
14000965,MORR,OB,bridge,
14001131,MORR,OB,bridge,
14000492,MORR,OB,bridge,
14000487,MORR,OB,bridge,
14000494,MORR,OB,bridge,
14000421,MORR,OB,bridge,
14000488,MORR,OB,bridge,
14000689,MORR,OB,bridge,
14000668,MORR,OB,bridge,
14001103,MORR,OB,bridge,
14000677,MORR,OB,bridge,
14001058,MORR,OB,bridge,
14000532,MORR,OB,bridge,
14000861,MORR,OB,bridge,
14001073,MORR,OB,bridge,
14001076,MORR,OB,bridge,
14000515,MORR,OB,bridge,
14000719,MORR,OB,bridge,
14000897,MORR,OB,bridge,
14001413,MORR,OB,bridge,
14001004,MORR,OB,bridge,
14000254,MORR,OB,bridge,
14000643,MORR,OB,bridge,
14000297,MORR,OB,bridge,
14001449,MORR,OB,,no road/structure
14001406,MORR,OB,,no road/structure
14000043,MORR,OB,,no road/structure
14000334,MORR,OB,,no road/structure
14001568,MORR,OB,,no road/structure
14001569,MORR,OB,,no road/structure
14000732,MORR,OB,,no road/structure
14001628,MORR,OB,,no road/structure
14001632,MORR,OB,,no road/structure
14001529,MORR,OB,,no road/structure
14001530,MORR,OB,,no road/structure
14001531,MORR,OB,,no road/structure
14001691,MORR,OB,,no road/structure
14001386,MORR,OB,,no road/structure
14001462,MORR,OB,,no road/structure
14001714,MORR,OB,,no road/structure
14001727,MORR,OB,,no road/structure
14001728,MORR,OB,,no road/structure
14001724,MORR,OB,,no road/structure
14001726,MORR,OB,,no road/structure
14001636,MORR,OB,,no road/structure
14001535,MORR,OB,,no road/structure
14000362,MORR,OB,,no road/structure
14000340,MORR,OB,,no road/structure
14000335,MORR,OB,,no road/structure
14001374,MORR,OB,,no road/structure
14000876,MORR,OB,,no road/structure
14000872,MORR,OB,,no road/structure
14001017,MORR,OB,,no road/structure
14001698,MORR,OB,,no road/structure
14001276,MORR,OB,,no road/structure
14001697,MORR,OB,,no road/structure
14001336,MORR,OB,,no road/structure
14001585,MORR,OB,,no road/structure
14000550,MORR,OB,,no road/structure
14000172,MORR,OB,,no road/structure
14001614,MORR,OB,,no road/structure
14001095,MORR,OB,,no road/structure
14000353,MORR,OB,,no road/structure
14000346,MORR,OB,,no road/structure
14000347,MORR,OB,,no road/structure
14000351,MORR,OB,,no road/structure
14000007,MORR,OB,,no road/structure
14001344,MORR,OB,,no road/structure
8903343,KNIG,OB,bridge,
8902826,KNIG,OB,bridge,
8903746,KNIG,OB,bridge,
8903619,KNIG,OB,bridge,
8903779,KNIG,OB,,no road/structure
8903490,KNIG,OB,,no road/structure
8904110,KNIG,OB,,no road/structure
8903745,KNIG,OB,,no road/structure
8901843,KNIG,OB,,no road/structure
8902058,KNIG,OB,,no road/structure
8900076,KNIG,OB,,no road/structure
8902487,KNIG,OB,,no road/structure
8901239,KNIG,OB,,no road/structure
8901172,KNIG,OB,,no road/structure
8902885,KNIG,OB,,no road/structure
8904194,KNIG,OB,,no road/structure
8903765,KNIG,OB,,no road/structure
8901882,KNIG,OB,,no road/structure
8903205,KNIG,OB,,no road/structure
8901383,KNIG,OB,,no road/structure
8903780,KNIG,OB,,no road/structure
8901208,KNIG,OB,,no road/structure
8902711,KNIG,OB,,no road/structure
8903531,KNIG,OB,,no road/structure
8903532,KNIG,OB,,no road/structure
8903538,KNIG,OB,,no road/structure
8903536,KNIG,OB,,no road/structure
8903539,KNIG,OB,,no road/structure
19300357,STUL,OB,bridge,
19301391,STUL,OB,bridge,
19301706,STUL,OB,bridge,
19301843,STUL,OB,bridge,
19301405,STUL,OB,bridge,
19302144,STUL,OB,bridge,
19300424,STUL,OB,bridge,
19300581,STUL,OB,bridge,
19300009,STUL,OB,bridge,
19302554,STUL,OB,bridge,
19300588,STUL,OB,bridge,
19302230,STUL,OB,bridge,
19300485,STUL,OB,bridge,
19301036,STUL,OB,bridge,
19301524,STUL,OB,bridge,
19302652,STUL,OB,bridge,
19301353,STUL,OB,bridge,
19300290,STUL,OB,,no road/structure
19302666,STUL,OB,,no road/structure
19302512,STUL,OB,,no road/structure
19302529,STUL,OB,,no road/structure
19302528,STUL,OB,,no road/structure
19302490,STUL,OB,,no road/structure
19302489,STUL,OB,,no road/structure
19302491,STUL,OB,,no road/structure
19302678,STUL,OB,,no road/structure
19302530,STUL,OB,,no road/structure
19302677,STUL,OB,,no road/structure
19302494,STUL,OB,,no road/structure
19302492,STUL,OB,,no road/structure
19302493,STUL,OB,,no road/structure
19302671,STUL,OB,,no road/structure
19302672,STUL,OB,,no road/structure
19302517,STUL,OB,,no road/structure
19302485,STUL,OB,,no road/structure
19302525,STUL,OB,,no road/structure
19302344,STUL,OB,,no road/structure
19302293,STUL,OB,,no road/structure
19302647,STUL,OB,,no road/structure
19302646,STUL,OB,,no road/structure
19302645,STUL,OB,,no road/structure
19301069,STUL,OB,,no road/structure
19301062,STUL,OB,,no road/structure
19300576,STUL,OB,,no road/structure
19300410,STUL,OB,,no road/structure
19300597,STUL,OB,,no road/structure
19300755,STUL,OB,,no road/structure
19300178,STUL,OB,,no road/structure
19300498,STUL,OB,,no road/structure
19300502,STUL,OB,,no road/structure
19300490,STUL,OB,,no road/structure
19300643,STUL,OB,,no road/structure
19300396,STUL,OB,,no road/structure
19301080,STUL,OB,,no road/structure
19302294,STUL,OB,,no road/structure
19301081,STUL,OB,,no road/structure
19302444,STUL,OB,,no road/structure
19300768,STUL,OB,,no road/structure
19302451,STUL,OB,,no road/structure
19301201,STUL,OB,,no road/structure
6300166,HARR,OB,bridge,
6304007,HARR,OB,bridge,
6300480,HARR,OB,bridge,
6300480,HARR,OB,bridge,
6303502,HARR,OB,,no road/structure
6304007,HARR,OB,,no road/structure
20506391,THOM,OB,bridge,
20501126,THOM,OB,bridge,
20500191,THOM,OB,bridge,
20504345,THOM,OB,bridge,
20506370,THOM,OB,bridge,
20501101,THOM,OB,bridge,
20503199,THOM,OB,,no road/structure
20501482,THOM,OB,,no road/structure
20501817,THOM,OB,,no road/structure
20505102,THOM,OB,,no road/structure
20503452,THOM,OB,,no road/structure
11000015,LKEL,AL,bridge,
11000276,LKEL,AL,bridge,
11000274,LKEL,AL,bridge,
11000271,LKEL,AL,bridge,
11000272,LKEL,AL,bridge,
11000086,LKEL,AL,bridge,
11000089,LKEL,AL,bridge,
11000019,LKEL,AL,,no road/structure
11000187,LKEL,AL,bridge,
11000221,LKEL,AL,bridge,
11000261,LKEL,AL,,no road/structure
10301952,LFRA,AL,bridge,
10302139,LFRA,AL,bridge,
10303246,LFRA,AL,bridge,
10302860,LFRA,AL,,no road/structure
10300807,LFRA,AL,bridge,
10301960,LFRA,AL,bridge,
10302816,LFRA,AL,bridge,
10302820,LFRA,AL,bridge,
10302819,LFRA,AL,,no road/structure
10300449,LFRA,AL,bridge,
10300469,LFRA,AL,bridge,
10304207,LFRA,AL,bridge,
24402669,WILL,AL,,no road/structure
24401848,WILL,AL,bridge,
24401788,WILL,AL,bridge,
24403595,WILL,AL,,no road/structure
24402857,WILL,AL,,no road/structure
24403534,WILL,AL,bridge,
24402796,WILL,AL,bridge,
24404047,WILL,AL,bridge,
24403099,WILL,AL,,no road/structure
24401215,WILL,AL,,no road/structure
24400962,WILL,AL,,no road/structure
24401063,WILL,AL,,no road/structure
24401062,WILL,AL,,no road/structure
24401061,WILL,AL,,no road/structure
24404231,WILL,AL,bridge,
24403279,WILL,AL,bridge,
24403661,WILL,AL,bridge,
2402788,WILL,AL,bridge,
24403767,WILL,AL,,no road/structure
24401986,WILL,AL,,no road/structure
24401769,WILL,AL,,no road/structure
24403503,WILL,AL,bridge,
24403561,WILL,AL,bridge,
24403318,WILL,AL,bridge,
24402683,WILL,AL,bridge,
24402682,WILL,AL,bridge,
24400596,WILL,AL,,no road/structure
24400695,WILL,AL,,no road/structure
24402686,WILL,AL,bridge,
24400693,WILL,AL,,no road/structure
24400696,WILL,AL,,no road/structure
24404451,WILL,AL,,no road/structure
24400697,WILL,AL,,no road/structure
24403719,WILL,AL,bridge,
24403722,WILL,AL,bridge,
24403141,WILL,AL,bridge,
24403271,WILL,AL,,no road/structure
24403142,WILL,AL,bridge,
24403924,WILL,AL,,no road/structure
24400407,WILL,AL,,no road/structure
24400405,WILL,AL,,no road/structure
24402986,WILL,AL,,no road/structure
24403704,WILL,AL,bridge,
2401162,CHES,AL,,no road/structure
2401131,CHES,AL,,no road/structure
2400878,CHES,AL,bridge,
2400877,CHES,AL,bridge,
2400880,CHES,AL,bridge,
2400804,CHES,AL,bridge,
2400805,CHES,AL,bridge,
15302778,NAZR,AL,bridge,
15300257,NAZR,AL,bridge,
15301742,NAZR,AL,bridge,
15301472,NAZR,AL,bridge,
15302097,NAZR,AL,,no road/structure
15301850,NAZR,AL,bridge,
15301954,NAZR,AL,bridge,
15301104,NAZR,AL,bridge,
15300597,NAZR,AL,bridge,
15300685,NAZR,AL,,no road/structure
15302437,NAZR,AL,bridge,
15302432,NAZR,AL,bridge,
15300382,NAZR,AL,,no road/structure
2500727,CHIL,AL,bridge,
2500753,CHIL,AL,bridge,
19401414,STUR,AL,bridge,
3900024,DEAD,AL,bridge,
3901594,DEAD,AL,bridge,
3900574,DEAD,AL,,no road/structure
3900071,DEAD,AL,bridge,
3901195,DEAD,AL,,no road/structure
3900837,DEAD,AL,bridge,
3901178,DEAD,AL,bridge,
3900094,DEAD,AL,bridge,
7805053,KETL,NMW,,no road/structure
7802101,KETL,NMW,,no road/structure
7802988,KETL,NMW,bridge,
7813016,KETL,NMW,,no road/structure
7800084,KETL,NMW,bridge,
7803518,KETL,NMW,,no road/structure
7803517,KETL,NMW,,no road/structure
7800085,KETL,NMW,bridge,
7812450,KETL,NMW,,no road/structure
7812449,KETL,NMW,,no road/structure
7805261,KETL,NMW,,no road/structure
7805263,KETL,NMW,,no road/structure
7805260,KETL,NMW,,no road/structure
7805259,KETL,NMW,,no road/structure
7800310,KETL,NMW,,no road/structure
7801290,KETL,NMW,,no road/structure
7811082,KETL,NMW,,no road/structure
7802845,KETL,NMW,,no road/structure
7802887,KETL,NMW,,no road/structure
7802848,KETL,NMW,,no road/structure
7805285,KETL,NMW,,no road/structure
7811735,KETL,NMW,,no road/structure
7811733,KETL,NMW,,no road/structure
7813598,KETL,NMW,,no road/structure
7811729,KETL,NMW,,no road/structure
7811728,KETL,NMW,,no road/structure
7803005,KETL,NMW,,no road/structure
7803022,KETL,NMW,,no road/structure
7813597,KETL,NMW,,no road/structure
7803126,KETL,NMW,,no road/structure
7809689,KETL,NMW,,no road/structure
7809691,KETL,NMW,,no road/structure
7801807,KETL,NMW,,no road/structure
7810620,KETL,NMW,bridge,
7810649,KETL,NMW,bridge,
7811948,KETL,NMW,bridge,
7810370,KETL,NMW,,no road/structure
7805608,KETL,NMW,,no road/structure
7803553,KETL,NMW,,no road/structure
7803052,KETL,NMW,,no road/structure
7809321,KETL,NMW,bridge,
7802634,KETL,NMW,,no road/structure
7802633,KETL,NMW,,no road/structure
7811043,KETL,NMW,bridge,
7805997,KETL,NMW,,no road/structure
7803192,KETL,NMW,,no road/structure
7813270,KETL,NMW,,no road/structure
7813268,KETL,NMW,,no road/structure
7800763,KETL,NMW,,no road/structure
7805091,KETL,NMW,,no road/structure
7804936,KETL,NMW,,no road/structure
7800387,KETL,NMW,bridge,
7802240,KETL,NMW,,no road/structure
7805966,KETL,NMW,,no road/structure
7805002,KETL,NMW,,no road/structure
7803963,KETL,NMW,,no road/structure
7807985,KETL,NMW,bridge,
7810981,KETL,NMW,,no road/structure
7812794,KETL,NMW,,no road/structure
7801560,KETL,NMW,,no road/structure
7801557,KETL,NMW,,no road/structure
7801590,KETL,NMW,,no road/structure
7804701,KETL,NMW,,no road/structure
7804658,KETL,NMW,,no road/structure
7805582,KETL,NMW,,no road/structure
7806553,KETL,NMW,,no road/structure
7813138,KETL,NMW,,no road/structure
7801021,KETL,NMW,,no road/structure
7801037,KETL,NMW,,no road/structure
7801022,KETL,NMW,,no road/structure
7801042,KETL,NMW,,no road/structure
7812764,KETL,NMW,,no road/structure
7801849,KETL,NMW,,no road/structure
7808749,KETL,NMW,,no road/structure
7808645,KETL,NMW,,no road/structure
7810705,KETL,NMW,,no road/structure
7805881,KETL,NMW,,no road/structure
7808642,KETL,NMW,,no road/structure
7803718,KETL,NMW,,no road/structure
7813421,KETL,NMW,,no road/structure
7801945,KETL,NMW,,no road/structure
7812120,KETL,NMW,bridge,
7811241,KETL,NMW,bridge,
7807289,KETL,NMW,bridge,
7805219,KETL,NMW,,no road/structure
12200486,LSAL,NMW,bridge,
12201861,LSAL,NMW,bridge,
12201949,LSAL,NMW,,no road/structure
12201892,LSAL,NMW,bridge,
12201879,LSAL,NMW,bridge,
12201598,LSAL,NMW,,no road/structure
12200665,LSAL,NMW,,no road/structure
12200755,LSAL,NMW,,no road/structure
12201873,LSAL,NMW,bridge,
12201726,LSAL,NMW,bridge,
12200423,LSAL,NMW,,no road/structure
12201545,LSAL,NMW,bridge,
12201039,LSAL,NMW,,no road/structure
12201958,LSAL,NMW,bridge,
2800536,CHWK,NMW,bridge,
2800543,CHWK,NMW,bridge,
2800544,CHWK,NMW,bridge,
2800725,CHWK,NMW,bridge,
2800730,CHWK,NMW,bridge,
2801590,CHWK,NMW,,no road/structure
2801591,CHWK,NMW,,no road/structure
2800541,CHWK,NMW,,no road/structure
2800735,CHWK,NMW,,no road/structure
2800976,CHWK,NMW,,no road/structure
2800587,CHWK,NMW,,no road/structure
2800587,CHWK,NMW,,no road/structure
2800591,CHWK,NMW,,no road/structure
2801241,CHWK,NMW,,no road/structure
2801767,CHWK,NMW,,no road/structure
2801825,CHWK,NMW,bridge,
2801872,CHWK,NMW,,no road/structure
2801332,CHWK,NMW,,no road/structure
2800655,CHWK,NMW,,no road/structure
2800905,CHWK,NMW,,no road/structure
2800906,CHWK,NMW,,no road/structure
2800090,CHWK,NMW,bridge,
2800109,CHWK,NMW,bridge,
2800679,CHWK,NMW,,no road/structure
2800393,CHWK,NMW,,no road/structure
2800396,CHWK,NMW,,no road/structure
2801864,CHWK,NMW,,no road/structure
2800394,CHWK,NMW,,no road/structure
2800399,CHWK,NMW,,no road/structure
2800398,CHWK,NMW,,no road/structure
2800397,CHWK,NMW,,no road/structure
9903588,LCHL,OB,bridge,
9900449,LCHL,OB,bridge,
9901448,LCHL,OB,bridge,
9900852,LCHL,OB,,no road/structure
9900620,LCHL,OB,,no road/structure
9905002,LCHL,OB,,no road/structure
9905120,LCHL,OB,,no road/structure
9904999,LCHL,OB,,no road/structure
9905000,LCHL,OB,,no road/structure
9902299,LCHL,OB,,no road/structure
9901650,LCHL,OB,,no road/structure
9902364,LCHL,OB,,no road/structure
9901758,LCHL,OB,,no road/structure
17701084,SALR,OB,bridge,
17700736,SALR,OB,bridge,
17701052,SALR,OB,,no road/structure
17701304,SALR,OB,,no road/structure
1900691,BULL,OB,bridge,
1900346,BULL,OB,bridge,
1903782,BULL,OB,bridge,
1903709,BULL,OB,bridge,
1903784,BULL,OB,bridge,
1903473,BULL,OB,bridge,
1901214,BULL,OB,bridge,
1900287,BULL,OB,bridge,
1900339,BULL,OB,bridge,
1903658,BULL,OB,bridge,
1900060,BULL,OB,bridge,
1903776,BULL,OB,bridge,
1903662,BULL,OB,bridge,
1900152,BULL,OB,bridge,
1903247,BULL,OB,bridge,
1900049,BULL,OB,bridge,
1903842,BULL,OB,bridge,
1902943,BULL,OB,bridge,
1904828,BULL,OB,bridge,
1905318,BULL,OB,bridge,
1900126,BULL,OB,bridge,
1901795,BULL,OB,bridge,
1901079,BULL,OB,bridge,
1900120,BULL,OB,bridge,
1903353,BULL,OB,bridge,
1903845,BULL,OB,bridge,
1904677,BULL,OB,bridge,
1904626,BULL,OB,bridge,
1903036,BULL,OB,bridge,
1903028,BULL,OB,bridge,
1903045,BULL,OB,bridge,
1903030,BULL,OB,bridge,
1905293,BULL,OB,bridge,
1902096,BULL,OB,bridge,
1904125,BULL,OB,bridge,
1903282,BULL,OB,bridge,
1902552,BULL,OB,bridge,
1905301,BULL,OB,bridge,
1903280,BULL,OB,bridge,
1904682,BULL,OB,bridge,
1903184,BULL,OB,bridge,
1902173,BULL,OB,,no road/structure
1900767,BULL,OB,,no road/structure
1902188,BULL,OB,,no road/structure
1902183,BULL,OB,,no road/structure
1902189,BULL,OB,,no road/structure
1901556,BULL,OB,,no road/structure
1901230,BULL,OB,,no road/structure
1901105,BULL,OB,,no road/structure
1902426,BULL,OB,,no road/structure
1902411,BULL,OB,,no road/structure
1901218,BULL,OB,,no road/structure
1901438,BULL,OB,,no road/structure
1900748,BULL,OB,,no road/structure
1901006,BULL,OB,,no road/structure
1900240,BULL,OB,,no road/structure
1900241,BULL,OB,,no road/structure
1900992,BULL,OB,,no road/structure
1901247,BULL,OB,,no road/structure
1903580,BULL,OB,,no road/structure
1904391,BULL,OB,,no road/structure
1902474,BULL,OB,,no road/structure
1902475,BULL,OB,,no road/structure
1900393,BULL,OB,,no road/structure
1903429,BULL,OB,,no road/structure
1903431,BULL,OB,,no road/structure
1905132,BULL,OB,,no road/structure
1904810,BULL,OB,,no road/structure
1900414,BULL,OB,,no road/structure
23803881,USHU,OB,,no road/structure
23803882,USHU,OB,,no road/structure
23804804,USHU,OB,,no road/structure
23804805,USHU,OB,,no road/structure
23804806,USHU,OB,,no road/structure
23803234,USHU,OB,,no road/structure
23804471,USHU,OB,,no road/structure
23800922,USHU,OB,,no road/structure
23801422,USHU,OB,,no road/structure
23800912,USHU,OB,,no road/structure
23801524,USHU,OB,,no road/structure
23801517,USHU,OB,,no road/structure
23800620,USHU,OB,,no road/structure
23800892,USHU,OB,,no road/structure
23803758,USHU,OB,,no road/structure
23800332,USHU,OB,,no road/structure
23800704,USHU,OB,,no road/structure
23800705,USHU,OB,,no road/structure
23801404,USHU,OB,,no road/structure
23801408,USHU,OB,,no road/structure
23802198,USHU,OB,,no road/structure
23801220,USHU,OB,,no road/structure
23804514,USHU,OB,,no road/structure
23804516,USHU,OB,bridge,
23803949,USHU,OB,bridge,
23803495,USHU,OB,bridge,
23803141,USHU,OB,bridge,
23803325,USHU,OB,bridge,
23803033,USHU,OB,bridge,
23800000,USHU,OB,bridge,
23800303,USHU,OB,bridge,
23800377,USHU,OB,bridge,
23800741,USHU,OB,bridge,
23801626,USHU,OB,bridge,
23802108,USHU,OB,bridge,
23800877,USHU,OB,bridge,
23800694,USHU,OB,bridge,
23800914,USHU,OB,bridge,
23800626,USHU,OB,bridge,
23800079,USHU,OB,bridge,
23800621,USHU,OB,bridge,
23803438,USHU,OB,bridge,
23802779,USHU,OB,bridge,
23804049,USHU,OB,bridge,
23803294,USHU,OB,bridge,
23803250,USHU,OB,bridge,
23803296,USHU,OB,bridge,
23803992,USHU,OB,bridge,
23802367,USHU,OB,bridge,
23801619,USHU,OB,bridge,
23803564,USHU,OB,bridge,
23802495,USHU,OB,bridge,
23803163,USHU,OB,bridge,
23803426,USHU,OB,bridge,
23803810,USHU,OB,bridge,
23803327,USHU,OB,bridge,
23803075,USHU,OB,bridge,
23802547,USHU,OB,bridge,
23802527,USHU,OB,bridge,
23802837,USHU,OB,bridge,
19701784,TABR,AL,,no road/structure
19703632,TABR,AL,,no road/structure
19703574,TABR,AL,,no road/structure
19702046,TABR,AL,bridge,
19700363,TABR,AL,,no road/structure
19703203,TABR,AL,bridge,
19702787,TABR,AL,bridge,
19700600,TABR,AL,,no road/structure
19701112,TABR,AL,,no road/structure
19701111,TABR,AL,,no road/structure
19700281,TABR,AL,bridge,
19700712,TABR,AL,,no road/structure
19703115,TABR,AL,bridge,
19701651,TABR,AL,,no road/structure
4605452,ELKR,AL,bridge,
4603544,ELKR,AL,,no road/structure
4603506,ELKR,AL,,no road/structure
4606900,ELKR,AL,,no road/structure
4605470,ELKR,AL,bridge,
4605392,ELKR,AL,bridge,
4606046,ELKR,AL,bridge,
4605391,ELKR,AL,bridge,
4605396,ELKR,AL,bridge,
4606962,ELKR,AL,,no road/structure
4603612,ELKR,AL,,no road/structure
4603611,ELKR,AL,,no road/structure
4606549,ELKR,AL,bridge,
4607453,ELKR,AL,,no road/structure
4602693,ELKR,AL,,no road/structure
4601981,ELKR,AL,,no road/structure
4603133,ELKR,AL,,no road/structure
4601832,ELKR,AL,,no road/structure
4606205,ELKR,AL,bridge,
4605748,ELKR,AL,bridge,
4605863,ELKR,AL,bridge,
4602864,ELKR,AL,,no road/structure
4603478,ELKR,AL,,no road/structure
4602747,ELKR,AL,bridge,
4605512,ELKR,AL,bridge,
4602803,ELKR,AL,,no road/structure
4603594,ELKR,AL,,no road/structure
4603528,ELKR,AL,,no road/structure
4603484,ELKR,AL,,no road/structure
4603562,ELKR,AL,,no road/structure
4603482,ELKR,AL,,no road/structure
4603832,ELKR,AL,,no road/structure
4603826,ELKR,AL,,no road/structure
4606183,ELKR,AL,bridge,
4606207,ELKR,AL,bridge,
4602624,ELKR,AL,,no road/structure
4604287,ELKR,AL,,no road/structure
4604278,ELKR,AL,,no road/structure
4604271,ELKR,AL,,no road/structure
4604280,ELKR,AL,,no road/structure
4604281,ELKR,AL,,no road/structure
4604285,ELKR,AL,,no road/structure
4604273,ELKR,AL,,no road/structure
4604282,ELKR,AL,,no road/structure
4604275,ELKR,AL,,no road/structure
4604265,ELKR,AL,,no road/structure
4604274,ELKR,AL,,no road/structure
4606968,ELKR,AL,bridge,
4606906,ELKR,AL,,no road/structure
4606905,ELKR,AL,,no road/structure
4603719,ELKR,AL,,no road/structure
4603721,ELKR,AL,,no road/structure
4603727,ELKR,AL,,no road/structure
4606507,ELKR,AL,bridge,
4603903,ELKR,AL,,no road/structure
4603906,ELKR,AL,,no road/structure
4607266,ELKR,AL,bridge,
4600262,ELKR,AL,,no road/structure
4606613,ELKR,AL,bridge,
4600254,ELKR,AL,,no road/structure
4600257,ELKR,AL,,no road/structure
4600258,ELKR,AL,,no road/structure
4600246,ELKR,AL,,no road/structure
4600249,ELKR,AL,,no road/structure
4600248,ELKR,AL,,no road/structure
4600252,ELKR,AL,,no road/structure
4600255,ELKR,AL,,no road/structure
4600251,ELKR,AL,,no road/structure
4600256,ELKR,AL,,no road/structure
4602319,ELKR,AL,,no road/structure
4606158,ELKR,AL,bridge,
4606239,ELKR,AL,,no road/structure
4600137,ELKR,AL,,no road/structure
4604219,ELKR,AL,bridge,
4606843,ELKR,AL,bridge,
4602392,ELKR,AL,bridge,
4601035,ELKR,AL,,no road/structure
4601018,ELKR,AL,,no road/structure
4604258,ELKR,AL,bridge,
4600122,ELKR,AL,bridge,
4605962,ELKR,AL,,no road/structure
4600123,ELKR,AL,bridge,
4601494,ELKR,AL,bridge,
4605911,ELKR,AL,bridge,
4600996,ELKR,AL,bridge,
4600950,ELKR,AL,,no road/structure
4605910,ELKR,AL,bridge,
4605447,ELKR,AL,bridge,
4600321,ELKR,AL,,no road/structure
4600322,ELKR,AL,,no road/structure
4605613,ELKR,AL,bridge,
4606616,ELKR,AL,,no road/structure
4601292,ELKR,AL,,no road/structure
4602538,ELKR,AL,bridge,
4606297,ELKR,AL,bridge,
4602539,ELKR,AL,,no road/structure
4601257,ELKR,AL,,no road/structure
4601378,ELKR,AL,bridge,
4607434,ELKR,AL,,no road/structure
4601256,ELKR,AL,,no road/structure
4602414,ELKR,AL,,no road/structure
4602415,ELKR,AL,,no road/structure
4602413,ELKR,AL,,no road/structure
4605472,ELKR,AL,,no road/structure
4601412,ELKR,AL,bridge,
4605791,ELKR,AL,bridge,
4606091,ELKR,AL,bridge,
4605923,ELKR,AL,bridge,
4606288,ELKR,AL,bridge,
4605419,ELKR,AL,bridge,
4600242,ELKR,AL,bridge,
4600733,ELKR,AL,,no road/structure
4602182,ELKR,AL,bridge,
4606387,ELKR,AL,bridge,
4600772,ELKR,AL,bridge,
4605564,ELKR,AL,bridge,
4602645,ELKR,AL,,no road/structure
4605261,ELKR,AL,,no road/structure
4606122,ELKR,AL,bridge,
4605344,ELKR,AL,,no road/structure
4600214,ELKR,AL,,no road/structure
4605927,ELKR,AL,bridge,
4605925,ELKR,AL,bridge,
4605826,ELKR,AL,bridge,
4607599,ELKR,AL,,no road/structure
4606524,ELKR,AL,,no road/structure
4602220,ELKR,AL,,no road/structure
4602221,ELKR,AL,,no road/structure
4602280,ELKR,AL,,no road/structure
4602266,ELKR,AL,bridge,
4602883,ELKR,AL,bridge,
4603202,ELKR,AL,bridge,
4605593,ELKR,AL,bridge,
4602534,ELKR,AL,bridge,
4604133,ELKR,AL,,no road/structure
4604465,ELKR,AL,,no road/structure
4604903,ELKR,AL,,no road/structure
4605838,ELKR,AL,bridge,
4605608,ELKR,AL,bridge,
4602531,ELKR,AL,,no road/structure
4602532,ELKR,AL,,no road/structure
4606428,ELKR,AL,bridge,
4606430,ELKR,AL,bridge,
4601119,ELKR,AL,,no road/structure
4605015,ELKR,AL,bridge,
4604776,ELKR,AL,bridge,
4604151,ELKR,AL,,no road/structure
4606322,ELKR,AL,bridge,
4603311,ELKR,AL,bridge,
4606146,ELKR,AL,,no road/structure
4604054,ELKR,AL,,no road/structure
4604057,ELKR,AL,bridge,
4604583,ELKR,AL,,no road/structure
4603407,ELKR,AL,,no road/structure
4603401,ELKR,AL,,no road/structure
4603403,ELKR,AL,,no road/structure
4603408,ELKR,AL,,no road/structure
4605184,ELKR,AL,bridge,
4603111,ELKR,AL,bridge,
4600633,ELKR,AL,,no road/structure
4603456,ELKR,AL,,no road/structure
4603964,ELKR,AL,,no road/structure
4604976,ELKR,AL,,no road/structure
4605718,ELKR,AL,bridge,
4606627,ELKR,AL,,no road/structure
4603431,ELKR,AL,,no road/structure
4603988,ELKR,AL,,no road/structure
9606036,LARF,AL,bridge,
9602939,LARF,AL,,no road/structure
9602940,LARF,AL,,no road/structure
9602938,LARF,AL,,no road/structure
9602941,LARF,AL,,no road/structure
9602946,LARF,AL,,no road/structure
9604878,LARF,AL,bridge,
9607289,LARF,AL,bridge,
9606676,LARF,AL,bridge,
9601648,LARF,AL,bridge,
9605892,LARF,AL,bridge,
9603721,LARF,AL,,no road/structure
9608144,LARF,AL,bridge,
9607409,LARF,AL,bridge,
9605361,LARF,AL,bridge,
9600588,LARF,AL,bridge,
9605522,LARF,AL,bridge,
9605886,LARF,AL,bridge,
9608762,LARF,AL,,no road/structure
9604990,LARF,AL,bridge,
9605388,LARF,AL,,no road/structure
9603775,LARF,AL,bridge,
9606312,LARF,AL,bridge,
9606314,LARF,AL,bridge,
9606318,LARF,AL,bridge,
9605016,LARF,AL,bridge,
9604933,LARF,AL,bridge,
9606638,LARF,AL,bridge,
9606297,LARF,AL,bridge,
9607070,LARF,AL,bridge,
9608733,LARF,AL,bridge,
9605762,LARF,AL,bridge,
9605297,LARF,AL,bridge,
9607437,LARF,AL,bridge,
9605769,LARF,AL,bridge,
9601318,LARF,AL,bridge,
9602485,LARF,AL,bridge,
10300122,LFRA,AL,bridge,
10303886,LFRA,AL,,no road/structure
10303884,LFRA,AL,,no road/structure
10305407,LFRA,AL,bridge,
10302770,LFRA,AL,bridge,
10304554,LFRA,AL,,no road/structure
10303684,LFRA,AL,,no road/structure
10303894,LFRA,AL,,no road/structure
10303892,LFRA,AL,,no road/structure
10303895,LFRA,AL,,no road/structure
10304689,LFRA,AL,bridge,
10302159,LFRA,AL,bridge,
10304367,LFRA,AL,bridge,
10304949,LFRA,AL,bridge,
10304946,LFRA,AL,bridge,
10304942,LFRA,AL,bridge,
10301054,LFRA,AL,bridge,
10301055,LFRA,AL,bridge,
10302192,LFRA,AL,bridge,
10302150,LFRA,AL,bridge,
10301013,LFRA,AL,bridge,
10301055,LFRA,AL,bridge,
10301054,LFRA,AL,bridge,
10300803,LFRA,AL,bridge,
10300917,LFRA,AL,bridge,
10303657,LFRA,AL,bridge,
10303609,LFRA,AL,bridge,
10303590,LFRA,AL,bridge,
10300636,LFRA,AL,bridge,
10300637,LFRA,AL,bridge,
10305124,LFRA,AL,bridge,
10301234,LFRA,AL,bridge,
10301448,LFRA,AL,bridge,
10301451,LFRA,AL,bridge,
10301179,LFRA,AL,bridge,
10302224,LFRA,AL,bridge,
10303828,LFRA,AL,,no road/structure
6800823,HORS,PK,,no road/structure
6801511,HORS,PK,bridge,
6800784,HORS,PK,,no road/structure
6802442,HORS,PK,,no road/structure
6802439,HORS,PK,,no road/structure
6802417,HORS,PK,,no road/structure
6802412,HORS,PK,,no road/structure
6802433,HORS,PK,,no road/structure
6801747,HORS,PK,bridge,
6801749,HORS,PK,bridge,
6801751,HORS,PK,bridge,
6802462,HORS,PK,,no road/structure
6801900,HORS,PK,bridge,
6800687,HORS,PK,,no road/structure
6800686,HORS,PK,,no road/structure
6801691,HORS,PK,,no road/structure
6802158,HORS,PK,bridge,
6801019,HORS,PK,,no road/structure
6802238,HORS,PK,,no road/structure
6802228,HORS,PK,bridge,
6802255,HORS,PK,,no road/structure
6802359,HORS,PK,,no road/structure
6802258,HORS,PK,,no road/structure
11305593,LNIC,PK,bridge,
11304728,LNIC,PK,bridge,
11304585,LNIC,PK,bridge,
11300340,LNIC,PK,bridge,
11301390,LNIC,PK,,no road/structure
11302432,LNIC,PK,,no road/structure
11301076,LNIC,PK,,no road/structure
11303784,LNIC,PK,,no road/structure
11303842,LNIC,PK,,no road/structure
11302863,LNIC,PK,bridge,
11305006,LNIC,PK,,no road/structure
11305005,LNIC,PK,,no road/structure
11303027,LNIC,PK,,no road/structure
11303025,LNIC,PK,,no road/structure
1804884,BULK,PK,bridge,
1804478,BULK,PK,,no road/structure
1805733,BULK,PK,,no road/structure
1805876,BULK,PK,,no road/structure
1806159,BULK,PK,,no road/structure
1804695,BULK,PK,bridge,
1806276,BULK,PK,,no road/structure
1804956,BULK,PK,bridge,
1800049,BULK,PK,bridge,
1801117,BULK,PK,bridge,
1805037,BULK,PK,bridge,
1803828,BULK,PK,bridge,
1804861,BULK,PK,bridge,
1802642,BULK,PK,bridge,
1805036,BULK,PK,bridge,
1805843,BULK,PK,,no road/structure
1806181,BULK,PK,,no road/structure
1805986,BULK,PK,,no road/structure
1806316,BULK,PK,bridge,
1805133,BULK,PK,bridge,
1800154,BULK,PK,bridge,
1806308,BULK,PK,,no road/structure
1802474,BULK,PK,bridge,
1805348,BULK,PK,bridge,
1805331,BULK,PK,bridge,
1804492,BULK,PK,,no road/structure
1805793,BULK,PK,,no road/structure
1806180,BULK,PK,,no road/structure
1801332,BULK,PK,bridge,
1801258,BULK,PK,,no road/structure
1802792,BULK,PK,,no road/structure
1805146,BULK,PK,bridge,
1805409,BULK,PK,,no road/structure
1800819,BULK,PK,bridge,
1800644,BULK,PK,bridge,
1802938,BULK,PK,bridge,
1803663,BULK,PK,,no road/structure
1802343,BULK,PK,bridge,
1804707,BULK,PK,bridge,
1803946,BULK,PK,bridge,
1805197,BULK,PK,bridge,
1804275,BULK,PK,,no road/structure
1803367,BULK,PK,,no road/structure
1803244,BULK,PK,bridge,
1800003,BULK,PK,bridge,
1803222,BULK,PK,bridge,
1805278,BULK,PK,bridge,
1804830,BULK,PK,bridge,
1802262,BULK,PK,,no road/structure
1804756,BULK,PK,bridge,
1803403,BULK,PK,bridge,
1805004,BULK,PK,bridge,
1805954,BULK,PK,,no road/structure
1806271,BULK,PK,,no road/structure
1804808,BULK,PK,bridge,
1804824,BULK,PK,bridge,
1804818,BULK,PK,bridge,
1804057,BULK,PK,bridge,
1804061,BULK,PK,bridge,
1803934,BULK,PK,bridge,
1803962,BULK,PK,bridge,
1806265,BULK,PK,,no road/structure
1806264,BULK,PK,,no road/structure
1804416,BULK,PK,,no road/structure
1804417,BULK,PK,,no road/structure
1804450,BULK,PK,,no road/structure
1802406,BULK,PK,bridge,
1804035,BULK,PK,bridge,
1804151,BULK,PK,bridge,
1804114,BULK,PK,bridge,
1806281,BULK,PK,,no road/structure
1803643,BULK,PK,bridge,
1805183,BULK,PK,bridge,
4607189,ELKR,PK,,no road/structure
4606901,ELKR,PK,,no road/structure
4605452,ELKR,PK,bridge,
4605467,ELKR,PK,bridge,
4605470,ELKR,PK,bridge,
4605392,ELKR,PK,bridge,
4606046,ELKR,PK,bridge,
4607138,ELKR,PK,,no road/structure
4606912,ELKR,PK,,no road/structure
4606549,ELKR,PK,bridge,
4607304,ELKR,PK,,no road/structure
4607304,ELKR,PK,,no road/structure
4602694,ELKR,PK,,no road/structure
4602714,ELKR,PK,,no road/structure
4605748,ELKR,PK,bridge,
4606205,ELKR,PK,bridge,
4605512,ELKR,PK,bridge,
4606207,ELKR,PK,bridge,
4606968,ELKR,PK,bridge,
4606899,ELKR,PK,,no road/structure
4606868,ELKR,PK,,no road/structure
4606507,ELKR,PK,bridge,
4606239,ELKR,PK,bridge,
4606233,ELKR,PK,bridge,
4605925,ELKR,PK,bridge,
4606122,ELKR,PK,bridge,
4606387,ELKR,PK,bridge,
4605564,ELKR,PK,bridge,
4600240,ELKR,PK,bridge,
4602172,ELKR,PK,bridge,
4601524,ELKR,PK,bridge,
4604680,ELKR,PK,bridge,
4606091,ELKR,PK,bridge,
4605923,ELKR,PK,bridge,
4606288,ELKR,PK,bridge,
4601412,ELKR,PK,bridge,
4604258,ELKR,PK,bridge,
4604259,ELKR,PK,bridge,
4602392,ELKR,PK,bridge,
4604219,ELKR,PK,bridge,
4605256,ELKR,PK,,no road/structure
4600122,ELKR,PK,bridge,
4600836,ELKR,PK,,no road/structure
4605607,ELKR,PK,bridge,
4603394,ELKR,PK,,no road/structure
4605718,ELKR,PK,bridge,
4606635,ELKR,PK,,no road/structure
4606630,ELKR,PK,,no road/structure
4606476,ELKR,PK,,no road/structure
15800029,NICL,SN,bridge,
15800961,NICL,SN,,no crossing
15800950,NICL,SN,bridge,
15800729,NICL,SN,,no crossing
15801243,NICL,SN,,no crossing
15800584,NICL,SN,,no crossing
15801297,NICL,SN,,inconclusive
15800733,NICL,SN,bridge,
15801553,NICL,SN,,inconclusive but does not appear to be a road
15802651,NICL,SN,bridge,
11302976,LNIC,SN,,no crossing
11302990,LNIC,SN,,no crossing
11300647,LNIC,SN,bridge,